Book_ID,Book_Title,Author,Customer_Age,Customer_Gender,Customer_Income,Units_Sold,Unit_Price,Cost_Per_Unit,Region,Total_Sales,Total_Cost,Profit,Profit_Margin
1000,Market Domination,Michael Porter,57,Female,Medium,30,10.97,10.69,East,329.1,320.7,8.400000000000034,2.552415679124896
1001,Strategic Thinking,Clayton Christensen,39,Male,High,21,43.27,29.1,South,908.6700000000001,611.1,297.57000000000005,32.74786226022649
1002,Competitive Advantage,John Maxwell,46,Female,High,20,20.92,27.74,East,418.40000000000003,554.8,-136.39999999999992,-32.6003824091778
1003,Strategic Thinking,John Maxwell,25,Male,High,6,30.72,23.05,West,184.32,138.3,46.01999999999998,24.967447916666657
1004,Strategic Thinking,Clayton Christensen,28,Female,High,22,21.95,18.33,West,482.9,403.26,79.63999999999999,16.492027334851933
1005,Corporate Leadership,Simon Sinek,58,Female,High,18,47.63,26.75,West,857.34,481.5,375.84000000000003,43.83791727902583
1006,Competitive Advantage,John Maxwell,54,Female,Medium,8,20.37,8.27,West,162.96,66.16,96.80000000000001,59.40108001963672
1007,Competitive Advantage,Simon Sinek,31,Male,Medium,39,27.19,24.76,West,1060.41,965.6400000000001,94.76999999999998,8.937109231335047
1008,Competitive Advantage,John Maxwell,47,Male,Medium,32,44.91,8.12,South,1437.12,259.84,1177.28,81.91939434424404
1009,Strategic Thinking,John Maxwell,52,Female,Medium,33,43.68,24.86,North,1441.44,820.38,621.0600000000001,43.08608058608059
1010,Market Domination,Peter Drucker,38,Female,High,16,17.44,11.89,East,279.04,190.24,88.80000000000001,31.823394495412842
1011,Competitive Advantage,John Maxwell,54,Male,High,12,42.11,26.93,East,505.32,323.15999999999997,182.16000000000003,36.04844454998813
1012,Growth Strategy Guide,Michael Porter,22,Male,High,38,28.33,28.6,West,1076.54,1086.8,-10.259999999999991,-0.9530533003882801
1013,Strategic Thinking,Clayton Christensen,36,Male,Low,34,29.32,8.72,East,996.88,296.48,700.4,70.25920873124147
1014,Corporate Leadership,Clayton Christensen,31,Female,Medium,14,15.34,16.57,West,214.76,231.98000000000002,-17.220000000000027,-8.018252933507183
1015,Market Domination,Simon Sinek,43,Male,Medium,36,13.22,29.52,South,475.92,1062.72,-586.8,-123.29803328290467
1016,Growth Strategy Guide,John Maxwell,21,Male,High,33,39.12,17.09,South,1290.9599999999998,563.97,726.9899999999998,56.31390593047034
1017,Growth Strategy Guide,Michael Porter,42,Female,Medium,23,29.86,26.59,North,686.78,611.57,75.20999999999992,10.951105157401194
1018,Corporate Leadership,Simon Sinek,62,Male,Medium,45,27.47,19.72,South,1236.1499999999999,887.4,348.7499999999999,28.212595558791403
1019,Market Domination,Peter Drucker,59,Male,High,2,39.18,14.38,South,78.36,28.76,49.599999999999994,63.29760081674323
1020,Strategic Thinking,Simon Sinek,42,Male,Low,41,40.62,12.14,North,1665.4199999999998,497.74,1167.6799999999998,70.11324470704086
1021,Business Strategy 101,Simon Sinek,35,Female,Low,21,16.36,10.08,East,343.56,211.68,131.88,38.386308068459655
1022,Market Domination,John Maxwell,57,Female,Low,2,34.41,24.04,West,68.82,48.08,20.739999999999995,30.136588201104324
1023,Corporate Leadership,Peter Drucker,25,Female,High,27,15.41,14.66,West,416.07,395.82,20.25,4.866969500324465
1024,Growth Strategy Guide,Simon Sinek,56,Female,Medium,9,40.06,17.78,East,360.54,160.02,200.52,55.616575137294056
1025,Strategic Thinking,Michael Porter,57,Female,High,1,36.28,17.31,North,36.28,17.31,18.970000000000002,52.2877618522602
1026,Market Domination,Michael Porter,31,Female,High,11,48.26,19.43,East,530.86,213.73,317.13,59.73891421467054
1027,Business Strategy 101,Clayton Christensen,49,Female,Medium,3,12.76,26.64,South,38.28,79.92,-41.64,-108.77742946708464
1028,Business Strategy 101,Peter Drucker,55,Male,Low,23,12.28,29.52,North,282.44,678.96,-396.52000000000004,-140.39087947882737
1029,Competitive Advantage,Peter Drucker,50,Male,Low,26,21.29,15.19,North,553.54,394.94,158.59999999999997,28.65194927195866
1030,Competitive Advantage,Clayton Christensen,40,Female,High,4,20.47,25.69,North,81.88,102.76,-20.88000000000001,-25.50073277967759
1031,Corporate Leadership,Simon Sinek,32,Male,Low,18,19.88,24.11,West,357.84,433.98,-76.14000000000004,-21.27766599597587
1032,Market Domination,Peter Drucker,50,Male,High,6,46.25,19.34,East,277.5,116.03999999999999,161.46,58.18378378378378
1033,Market Domination,Michael Porter,42,Female,High,35,19.98,28.9,North,699.3000000000001,1011.5,-312.19999999999993,-44.64464464464463
1034,Growth Strategy Guide,Michael Porter,34,Male,Medium,22,20.88,10.01,North,459.35999999999996,220.22,239.13999999999996,52.059386973180075
1035,Growth Strategy Guide,John Maxwell,50,Male,Medium,43,40.38,7.73,North,1736.3400000000001,332.39000000000004,1403.95,80.85685983159979
1036,Growth Strategy Guide,Peter Drucker,64,Male,Medium,15,27.99,26.35,East,419.84999999999997,395.25,24.599999999999966,5.859235441229003
1037,Competitive Advantage,Simon Sinek,19,Male,High,22,41.07,15.98,West,903.54,351.56,551.98,61.090820550280014
1038,Market Domination,Clayton Christensen,31,Male,Medium,37,12.61,26.17,South,466.57,968.2900000000001,-501.7200000000001,-107.53370340999209
1039,Market Domination,Clayton Christensen,57,Female,Low,42,29.5,27.33,West,1239.0,1147.86,91.1400000000001,7.355932203389838
1040,Business Strategy 101,Simon Sinek,57,Female,Low,12,11.34,6.56,North,136.07999999999998,78.72,57.359999999999985,42.15167548500881
1041,Competitive Advantage,John Maxwell,56,Female,High,47,12.51,27.09,West,587.97,1273.23,-685.26,-116.54676258992805
1042,Strategic Thinking,Clayton Christensen,23,Male,High,49,46.26,16.21,West,2266.74,794.2900000000001,1472.4499999999998,64.95892779939473
1043,Competitive Advantage,Peter Drucker,23,Female,Medium,42,15.57,17.76,South,653.94,745.9200000000001,-91.98000000000002,-14.065510597302506
1044,Strategic Thinking,John Maxwell,20,Male,High,38,31.3,20.66,East,1189.4,785.08,404.32000000000005,33.99361022364217
1045,Business Strategy 101,Peter Drucker,24,Male,High,18,26.44,28.16,East,475.92,506.88,-30.95999999999998,-6.505295007564292
1046,Corporate Leadership,Michael Porter,25,Male,Low,45,23.89,5.48,West,1075.05,246.60000000000002,828.4499999999999,77.06153202176642
1047,Market Domination,John Maxwell,59,Male,Low,35,45.99,16.92,West,1609.65,592.2,1017.45,63.20939334637965
1048,Business Strategy 101,Clayton Christensen,32,Female,Medium,30,10.87,22.19,East,326.09999999999997,665.7,-339.6000000000001,-104.13983440662378
1049,Market Domination,John Maxwell,64,Female,High,24,36.55,23.07,East,877.1999999999999,553.6800000000001,323.51999999999987,36.88098495212037
1050,Growth Strategy Guide,John Maxwell,46,Male,High,42,48.54,22.31,South,2038.68,937.02,1101.66,54.03790688092295
1051,Corporate Leadership,John Maxwell,50,Female,Low,30,32.41,8.36,North,972.3,250.79999999999998,721.5,74.20549213205801
1052,Corporate Leadership,John Maxwell,47,Male,High,14,47.47,12.48,West,664.5799999999999,174.72,489.8599999999999,73.70971139667158
1053,Business Strategy 101,Peter Drucker,56,Female,Low,6,12.09,13.97,East,72.53999999999999,83.82000000000001,-11.280000000000015,-15.550041356492992
1054,Corporate Leadership,Michael Porter,44,Female,Medium,3,26.75,25.11,West,80.25,75.33,4.920000000000002,6.13084112149533
1055,Strategic Thinking,Simon Sinek,53,Male,Low,16,20.41,11.97,West,326.56,191.52,135.04,41.35227829495346
1056,Corporate Leadership,John Maxwell,46,Female,High,7,39.23,10.27,East,274.60999999999996,71.89,202.71999999999997,73.8210553148101
1057,Market Domination,Clayton Christensen,55,Male,Medium,14,49.25,28.94,South,689.5,405.16,284.34,41.23857868020304
1058,Market Domination,John Maxwell,50,Female,Low,9,20.26,5.22,West,182.34,46.98,135.36,74.2349457058243
1059,Market Domination,Clayton Christensen,54,Male,Low,15,36.17,29.95,South,542.5500000000001,449.25,93.30000000000007,17.196571744539686
1060,Market Domination,Peter Drucker,44,Male,Medium,21,17.92,21.92,East,376.32000000000005,460.32000000000005,-84.0,-22.32142857142857
1061,Strategic Thinking,Clayton Christensen,50,Female,Medium,35,32.61,25.71,North,1141.35,899.85,241.4999999999999,21.15915363385464
1062,Competitive Advantage,Simon Sinek,21,Female,Low,2,28.56,12.37,North,57.12,24.74,32.379999999999995,56.68767507002801
1063,Growth Strategy Guide,Michael Porter,39,Male,High,27,48.88,5.36,West,1319.76,144.72,1175.04,89.03436988543372
1064,Business Strategy 101,Clayton Christensen,19,Female,Low,2,34.34,23.45,East,68.68,46.9,21.78000000000001,31.712288875946427
1065,Market Domination,Clayton Christensen,27,Female,Medium,35,23.98,25.85,South,839.3000000000001,904.75,-65.44999999999993,-7.79816513761467
1066,Corporate Leadership,Michael Porter,22,Male,Low,18,14.56,23.51,West,262.08,423.18,-161.10000000000002,-61.46978021978023
1067,Market Domination,Simon Sinek,27,Male,Medium,14,16.05,8.57,East,224.70000000000002,119.98,104.72000000000001,46.60436137071651
1068,Corporate Leadership,John Maxwell,50,Female,Medium,20,19.01,23.84,East,380.20000000000005,476.8,-96.59999999999997,-25.407680168332448
1069,Growth Strategy Guide,Clayton Christensen,55,Male,High,18,20.04,24.22,South,360.71999999999997,435.96,-75.24000000000001,-20.858283433133735
1070,Growth Strategy Guide,Michael Porter,30,Male,Medium,10,44.02,21.46,West,440.20000000000005,214.60000000000002,225.60000000000002,51.24943207632894
1071,Growth Strategy Guide,Peter Drucker,48,Male,Medium,25,32.45,24.15,East,811.2500000000001,603.75,207.5000000000001,25.577812018489993
1072,Corporate Leadership,Michael Porter,64,Female,High,2,30.94,26.15,East,61.88,52.3,9.580000000000005,15.481577246283138
1073,Market Domination,Peter Drucker,53,Female,Medium,25,14.59,20.34,East,364.75,508.5,-143.75,-39.410555174777244
1074,Growth Strategy Guide,Simon Sinek,62,Male,High,33,44.41,7.22,South,1465.53,238.26,1227.27,83.7424003602792
1075,Strategic Thinking,John Maxwell,41,Female,High,36,38.91,17.19,West,1400.7599999999998,618.84,781.9199999999997,55.82112567463376
1076,Corporate Leadership,Michael Porter,32,Male,Medium,31,12.71,6.94,West,394.01000000000005,215.14000000000001,178.87000000000003,45.397324940991346
1077,Corporate Leadership,Clayton Christensen,46,Female,Medium,14,38.31,15.19,West,536.34,212.66,323.68000000000006,60.349778125815725
1078,Market Domination,Simon Sinek,25,Male,Low,1,31.74,15.18,West,31.74,15.18,16.56,52.17391304347826
1079,Corporate Leadership,Michael Porter,22,Male,High,46,13.27,6.65,North,610.42,305.90000000000003,304.5199999999999,49.88696307460436
1080,Corporate Leadership,Clayton Christensen,46,Female,Low,16,28.33,13.72,North,453.28,219.52,233.75999999999996,51.57077303212142
1081,Growth Strategy Guide,Michael Porter,64,Male,Medium,46,29.39,7.77,West,1351.94,357.41999999999996,994.5200000000001,73.56243620279007
1082,Market Domination,Peter Drucker,21,Female,Low,3,16.63,25.21,South,49.89,75.63,-25.739999999999995,-51.593505712567634
1083,Growth Strategy Guide,Michael Porter,29,Female,High,35,47.83,28.69,North,1674.05,1004.1500000000001,669.8999999999999,40.0167259042442
1084,Growth Strategy Guide,Michael Porter,62,Male,Low,41,44.0,6.81,East,1804.0,279.21,1524.79,84.52272727272727
1085,Market Domination,Michael Porter,19,Male,High,6,36.76,28.88,North,220.56,173.28,47.28,21.436343852013056
1086,Business Strategy 101,Simon Sinek,44,Female,Medium,25,28.49,18.06,East,712.25,451.49999999999994,260.75000000000006,36.609336609336616
1087,Growth Strategy Guide,Michael Porter,48,Male,Medium,13,26.47,12.49,West,344.11,162.37,181.74,52.8145069890442
1088,Strategic Thinking,Clayton Christensen,53,Male,High,34,36.04,6.92,North,1225.36,235.28,990.0799999999999,80.79911209766925
1089,Strategic Thinking,Peter Drucker,53,Male,Medium,8,31.82,17.52,South,254.56,140.16,114.4,44.94028912633564
1090,Corporate Leadership,Peter Drucker,43,Male,Medium,21,12.49,24.86,North,262.29,522.06,-259.7699999999999,-99.03923138510805
1091,Strategic Thinking,Michael Porter,60,Male,Medium,34,30.5,22.68,North,1037.0,771.12,265.88,25.639344262295083
1092,Corporate Leadership,Simon Sinek,44,Female,Medium,4,42.26,6.26,North,169.04,25.04,144.0,85.18693800283957
1093,Business Strategy 101,Simon Sinek,22,Female,High,25,28.37,6.82,West,709.25,170.5,538.75,75.9605216778287
1094,Market Domination,Clayton Christensen,37,Male,Low,15,12.08,15.07,South,181.2,226.05,-44.85000000000002,-24.751655629139087
1095,Market Domination,Michael Porter,28,Male,Low,4,41.45,12.38,North,165.8,49.52,116.28,70.13268998793727
1096,Market Domination,Peter Drucker,27,Male,Medium,45,18.05,10.81,South,812.25,486.45000000000005,325.79999999999995,40.11080332409972
1097,Strategic Thinking,Simon Sinek,57,Female,Low,12,20.34,12.03,West,244.07999999999998,144.35999999999999,99.72,40.85545722713865
1098,Business Strategy 101,Michael Porter,55,Male,Low,32,16.59,25.09,East,530.88,802.88,-272.0,-51.235684147076554
1099,Strategic Thinking,Simon Sinek,23,Female,Medium,32,23.21,28.23,North,742.72,903.36,-160.64,-21.628608358466174
1100,Strategic Thinking,Simon Sinek,25,Female,Medium,28,40.27,15.13,South,1127.5600000000002,423.64000000000004,703.9200000000001,62.42860690340203
1101,Business Strategy 101,Peter Drucker,40,Female,Low,13,30.78,27.65,South,400.14,359.45,40.69,10.168940870695256
1102,Business Strategy 101,John Maxwell,64,Male,High,31,18.2,13.04,West,564.1999999999999,404.23999999999995,159.95999999999998,28.35164835164835
1103,Business Strategy 101,Clayton Christensen,43,Female,Medium,14,45.11,16.91,North,631.54,236.74,394.79999999999995,62.513855021059626
1104,Business Strategy 101,Clayton Christensen,63,Male,High,20,45.18,10.65,East,903.6,213.0,690.6,76.42762284196547
1105,Market Domination,Peter Drucker,60,Female,Low,18,44.82,21.01,South,806.76,378.18,428.58,53.12360553324409
1106,Competitive Advantage,Simon Sinek,29,Male,Medium,29,19.55,29.47,North,566.95,854.63,-287.67999999999995,-50.74168797953963
1107,Competitive Advantage,Michael Porter,43,Female,High,6,28.05,20.09,East,168.3,120.53999999999999,47.76000000000002,28.37789661319074
1108,Business Strategy 101,Simon Sinek,30,Male,Medium,32,49.4,13.95,South,1580.8,446.4,1134.4,71.76113360323887
1109,Competitive Advantage,Peter Drucker,57,Female,Low,29,40.88,21.2,South,1185.52,614.8,570.72,48.14090019569472
1110,Competitive Advantage,Clayton Christensen,35,Male,High,43,11.09,8.07,East,476.87,347.01,129.86,27.23174030658251
1111,Business Strategy 101,Simon Sinek,42,Male,Low,2,12.61,27.22,East,25.22,54.44,-29.22,-115.86042823156227
1112,Competitive Advantage,Clayton Christensen,50,Male,Low,23,28.56,17.58,West,656.88,404.34,252.54000000000002,38.445378151260506
1113,Strategic Thinking,Michael Porter,64,Male,Medium,19,46.37,16.23,North,881.03,308.37,572.66,64.99892171662712
1114,Corporate Leadership,Clayton Christensen,57,Female,High,31,31.55,19.65,North,978.0500000000001,609.15,368.9000000000001,37.71790808240888
1115,Corporate Leadership,Clayton Christensen,60,Female,Low,5,29.91,20.62,West,149.55,103.10000000000001,46.45,31.059846205282515
1116,Business Strategy 101,John Maxwell,29,Male,Low,19,14.22,6.79,South,270.18,129.01,141.17000000000002,52.25035161744023
1117,Market Domination,John Maxwell,61,Female,High,34,36.27,22.07,East,1233.18,750.38,482.80000000000007,39.15081334436174
1118,Business Strategy 101,John Maxwell,53,Male,Low,10,42.88,11.05,East,428.8,110.5,318.3,74.2304104477612
1119,Market Domination,Clayton Christensen,21,Male,Low,25,25.22,22.85,East,630.5,571.25,59.25,9.397303727200635
1120,Corporate Leadership,Peter Drucker,22,Female,High,2,41.02,25.56,South,82.04,51.12,30.92000000000001,37.68893222818138
1121,Business Strategy 101,Clayton Christensen,54,Male,High,11,48.58,25.1,East,534.38,276.1,258.28,48.33264717990942
1122,Growth Strategy Guide,Peter Drucker,25,Male,High,31,18.15,18.81,East,562.65,583.11,-20.460000000000036,-3.636363636363643
1123,Strategic Thinking,Peter Drucker,59,Female,High,15,30.93,18.0,West,463.95,270.0,193.95,41.80407371483996
1124,Competitive Advantage,John Maxwell,45,Male,Medium,9,21.49,8.57,South,193.41,77.13,116.28,60.120986505351325
1125,Market Domination,Simon Sinek,48,Male,High,23,41.71,24.38,North,959.33,560.74,398.59000000000003,41.54878925917046
1126,Growth Strategy Guide,Michael Porter,26,Male,Medium,19,33.1,11.79,West,628.9,224.01,404.89,64.38066465256797
1127,Competitive Advantage,John Maxwell,46,Male,Medium,9,35.38,17.42,West,318.42,156.78000000000003,161.64,50.7631430186546
1128,Competitive Advantage,John Maxwell,31,Female,Medium,35,41.92,12.11,North,1467.2,423.84999999999997,1043.3500000000001,71.11164122137406
1129,Business Strategy 101,Simon Sinek,57,Female,Low,21,25.84,8.35,West,542.64,175.35,367.28999999999996,67.68575851393189
1130,Competitive Advantage,Michael Porter,58,Female,Medium,9,46.6,20.74,South,419.40000000000003,186.66,232.74000000000004,55.49356223175966
1131,Strategic Thinking,Clayton Christensen,39,Male,Medium,28,31.32,6.36,East,876.96,178.08,698.88,79.6934865900383
1132,Growth Strategy Guide,Clayton Christensen,28,Male,Low,46,16.32,23.72,South,750.72,1091.12,-340.39999999999986,-45.34313725490194
1133,Competitive Advantage,John Maxwell,40,Female,Low,7,37.84,12.94,North,264.88,90.58,174.3,65.80338266384778
1134,Business Strategy 101,Michael Porter,18,Male,Low,16,41.73,5.0,North,667.68,80.0,587.68,88.01821231727773
1135,Strategic Thinking,John Maxwell,63,Male,High,16,22.67,17.78,West,362.72,284.48,78.24000000000001,21.570357300397
1136,Corporate Leadership,Peter Drucker,54,Male,Low,33,44.29,6.17,South,1461.57,203.60999999999999,1257.96,86.069090088056
1137,Growth Strategy Guide,John Maxwell,38,Male,Low,4,46.25,11.9,South,185.0,47.6,137.4,74.27027027027027
1138,Competitive Advantage,John Maxwell,43,Female,Medium,4,21.08,22.67,North,84.32,90.68,-6.360000000000014,-7.542694497153716
1139,Business Strategy 101,Clayton Christensen,63,Female,Low,39,49.34,6.57,South,1924.2600000000002,256.23,1668.0300000000002,86.68423186055938
1140,Corporate Leadership,Clayton Christensen,53,Female,High,40,15.63,25.98,North,625.2,1039.2,-414.0,-66.21880998080614
1141,Corporate Leadership,Clayton Christensen,40,Male,Low,17,18.08,5.1,South,307.35999999999996,86.69999999999999,220.65999999999997,71.7920353982301
1142,Market Domination,Peter Drucker,18,Female,High,37,17.37,11.17,South,642.69,413.29,229.40000000000003,35.6937248128958
1143,Strategic Thinking,Clayton Christensen,57,Female,Low,39,45.76,23.52,South,1784.6399999999999,917.28,867.3599999999999,48.6013986013986
1144,Competitive Advantage,Michael Porter,32,Male,Low,29,36.17,12.91,North,1048.93,374.39,674.5400000000001,64.3074371025712
1145,Business Strategy 101,Simon Sinek,38,Male,Low,36,16.08,7.55,West,578.8799999999999,271.8,307.07999999999987,53.04726368159203
1146,Market Domination,Michael Porter,64,Female,Low,38,27.61,14.01,South,1049.18,532.38,516.8000000000001,49.257515392973566
1147,Strategic Thinking,Michael Porter,26,Female,High,39,34.61,11.76,North,1349.79,458.64,891.15,66.02138110372725
1148,Market Domination,Clayton Christensen,26,Female,High,37,13.34,26.07,North,493.58,964.59,-471.01000000000005,-95.42728635682161
1149,Growth Strategy Guide,Simon Sinek,27,Female,Medium,35,45.3,12.83,South,1585.5,449.05,1136.45,71.67770419426049
1150,Strategic Thinking,Simon Sinek,43,Male,High,7,42.14,24.72,South,294.98,173.04,121.94000000000003,41.33839582344566
1151,Strategic Thinking,Simon Sinek,58,Female,Low,27,30.21,27.3,West,815.6700000000001,737.1,78.57000000000005,9.632571996027812
1152,Competitive Advantage,Peter Drucker,52,Female,Medium,28,48.69,15.85,North,1363.32,443.8,919.52,67.44711439720682
1153,Strategic Thinking,Clayton Christensen,42,Male,Medium,22,26.71,27.75,North,587.62,610.5,-22.879999999999995,-3.8936727817296886
1154,Market Domination,Simon Sinek,43,Female,Medium,14,49.36,14.43,East,691.04,202.01999999999998,489.02,70.76580226904376
1155,Strategic Thinking,Peter Drucker,28,Male,Low,7,36.72,29.1,North,257.03999999999996,203.70000000000002,53.33999999999995,20.751633986928088
1156,Competitive Advantage,John Maxwell,55,Male,High,37,35.39,7.23,West,1309.43,267.51,1041.92,79.57050014128285
1157,Competitive Advantage,John Maxwell,19,Male,Low,22,16.64,22.18,East,366.08000000000004,487.96,-121.87999999999994,-33.29326923076921
1158,Growth Strategy Guide,Peter Drucker,24,Female,Medium,5,45.28,17.35,East,226.4,86.75,139.65,61.68286219081273
1159,Market Domination,Peter Drucker,35,Female,Low,2,27.1,14.69,East,54.2,29.38,24.820000000000004,45.793357933579344
1160,Corporate Leadership,Clayton Christensen,44,Male,Low,27,16.49,20.82,South,445.22999999999996,562.14,-116.91000000000003,-26.25833838690116
1161,Corporate Leadership,Clayton Christensen,51,Female,High,21,10.5,22.6,South,220.5,474.6,-254.10000000000002,-115.23809523809526
1162,Strategic Thinking,John Maxwell,44,Female,High,38,32.39,5.11,North,1230.82,194.18,1036.6399999999999,84.2235257795616
1163,Growth Strategy Guide,Simon Sinek,34,Male,Medium,15,31.1,9.17,East,466.5,137.55,328.95,70.51446945337621
1164,Business Strategy 101,John Maxwell,60,Male,Low,21,38.77,22.83,West,814.1700000000001,479.42999999999995,334.7400000000001,41.11426360588084
1165,Strategic Thinking,Simon Sinek,61,Female,Low,10,45.61,21.66,South,456.1,216.6,239.50000000000003,52.51041438281079
1166,Growth Strategy Guide,Simon Sinek,41,Male,High,23,13.18,29.15,West,303.14,670.4499999999999,-367.30999999999995,-121.16843702579665
1167,Market Domination,Clayton Christensen,42,Female,Low,39,39.26,24.03,West,1531.1399999999999,937.1700000000001,593.9699999999998,38.79266428935303
1168,Market Domination,Michael Porter,24,Female,Low,5,17.5,28.77,South,87.5,143.85,-56.349999999999994,-64.39999999999999
1169,Market Domination,Michael Porter,23,Female,Low,1,44.33,22.56,South,44.33,22.56,21.77,49.10895556056846
1170,Market Domination,Peter Drucker,41,Female,High,13,42.76,12.45,South,555.88,161.85,394.03,70.88400374181477
1171,Market Domination,Clayton Christensen,50,Male,Medium,21,31.63,7.63,South,664.23,160.23,504.0,75.87733164717041
1172,Growth Strategy Guide,Simon Sinek,46,Male,Medium,26,38.41,24.55,East,998.6599999999999,638.3000000000001,360.3599999999998,36.08435303306429
1173,Growth Strategy Guide,Michael Porter,60,Male,Low,45,22.57,21.1,East,1015.65,949.5000000000001,66.14999999999986,6.513070447496664
1174,Competitive Advantage,Simon Sinek,39,Male,Medium,21,28.85,6.2,East,605.85,130.20000000000002,475.65,78.50953206239167
1175,Corporate Leadership,Michael Porter,43,Female,High,18,42.87,14.0,East,771.66,252.0,519.66,67.34313039421507
1176,Market Domination,Michael Porter,45,Female,High,37,28.37,28.92,North,1049.69,1070.04,-20.34999999999991,-1.9386676066267094
1177,Business Strategy 101,Michael Porter,38,Male,Medium,45,24.31,17.51,East,1093.95,787.95,306.0,27.97202797202797
1178,Growth Strategy Guide,Clayton Christensen,24,Female,Medium,32,29.77,15.82,South,952.64,506.24,446.4,46.85925428283507
1179,Business Strategy 101,John Maxwell,34,Female,Low,36,43.13,16.44,West,1552.68,591.84,960.84,61.882680268954324
1180,Business Strategy 101,Simon Sinek,37,Female,Medium,17,23.41,10.22,East,397.97,173.74,224.23000000000002,56.34344297308842
1181,Business Strategy 101,Clayton Christensen,58,Male,Low,35,16.95,14.22,North,593.25,497.70000000000005,95.54999999999995,16.10619469026548
1182,Competitive Advantage,Clayton Christensen,37,Male,Low,49,38.48,14.25,South,1885.5199999999998,698.25,1187.2699999999998,62.96777546777547
1183,Growth Strategy Guide,Clayton Christensen,39,Male,High,11,43.04,6.31,West,473.44,69.41,404.03,85.33921933085502
1184,Business Strategy 101,Clayton Christensen,45,Female,High,21,14.03,24.19,West,294.63,507.99,-213.36,-72.41625089094798
1185,Market Domination,Clayton Christensen,57,Male,High,26,19.59,15.41,East,509.34,400.66,108.67999999999995,21.33741704951505
1186,Strategic Thinking,Peter Drucker,24,Male,High,4,15.68,25.55,West,62.72,102.2,-39.480000000000004,-62.946428571428584
1187,Business Strategy 101,Simon Sinek,18,Male,Medium,34,23.92,26.26,East,813.2800000000001,892.84,-79.55999999999995,-9.782608695652167
1188,Competitive Advantage,Clayton Christensen,49,Male,High,48,28.01,10.3,East,1344.48,494.40000000000003,850.0799999999999,63.22741877900749
1189,Growth Strategy Guide,Simon Sinek,30,Male,Medium,18,39.95,21.43,South,719.1,385.74,333.36,46.35794743429287
1190,Competitive Advantage,Peter Drucker,47,Male,High,40,36.05,16.81,South,1442.0,672.4,769.6,53.37031900138697
1191,Business Strategy 101,Peter Drucker,40,Female,Medium,35,34.84,27.0,North,1219.4,945.0,274.4000000000001,22.5028702640643
1192,Growth Strategy Guide,Simon Sinek,36,Female,Low,41,24.09,10.39,South,987.6899999999999,425.99,561.6999999999999,56.870070568700704
1193,Strategic Thinking,Michael Porter,49,Male,Medium,29,43.66,21.95,South,1266.1399999999999,636.55,629.5899999999999,49.72514887769125
1194,Business Strategy 101,John Maxwell,47,Male,Medium,29,28.85,20.19,East,836.6500000000001,585.51,251.1400000000001,30.017331022530335
1195,Competitive Advantage,Michael Porter,46,Female,High,38,49.16,12.38,South,1868.08,470.44000000000005,1397.6399999999999,74.81692432872254
1196,Corporate Leadership,Michael Porter,62,Female,Medium,42,35.37,8.42,East,1485.54,353.64,1131.9,76.19451512581284
1197,Market Domination,Michael Porter,46,Male,Low,21,15.05,21.29,East,316.05,447.09,-131.03999999999996,-41.46179401993354
1198,Competitive Advantage,Clayton Christensen,47,Male,Low,42,37.05,23.46,South,1556.1,985.32,570.7799999999999,36.68016194331983
1199,Growth Strategy Guide,Peter Drucker,33,Male,High,13,23.0,12.89,North,299.0,167.57,131.43,43.95652173913044
1200,Business Strategy 101,Michael Porter,57,Male,Low,49,37.45,21.12,North,1835.0500000000002,1034.88,800.1700000000001,43.604806408544725
1201,Market Domination,Peter Drucker,36,Female,Medium,41,12.79,14.88,West,524.39,610.08,-85.69000000000005,-16.34089132134481
1202,Business Strategy 101,Simon Sinek,35,Male,Low,17,17.0,22.83,West,289.0,388.10999999999996,-99.10999999999996,-34.29411764705881
1203,Growth Strategy Guide,John Maxwell,18,Male,High,9,44.23,9.98,South,398.07,89.82000000000001,308.25,77.43612932398824
1204,Business Strategy 101,Simon Sinek,31,Male,Medium,41,19.09,27.26,North,782.6899999999999,1117.66,-334.97000000000014,-42.79727606076482
1205,Corporate Leadership,Simon Sinek,64,Male,High,1,43.48,12.19,East,43.48,12.19,31.29,71.9641214351426
1206,Market Domination,Clayton Christensen,19,Female,Medium,2,21.17,14.19,West,42.34,28.38,13.960000000000004,32.971185640056696
1207,Market Domination,John Maxwell,45,Female,Low,48,35.72,6.45,East,1714.56,309.6,1404.96,81.94288913773796
1208,Growth Strategy Guide,Simon Sinek,47,Female,High,29,37.77,7.79,West,1095.3300000000002,225.91,869.4200000000002,79.37516547524491
1209,Corporate Leadership,Simon Sinek,55,Male,High,33,30.51,17.9,South,1006.83,590.6999999999999,416.1300000000001,41.33071124221568
1210,Competitive Advantage,John Maxwell,21,Male,Medium,10,22.21,11.69,North,222.10000000000002,116.89999999999999,105.20000000000003,47.36605132823053
1211,Business Strategy 101,John Maxwell,18,Female,High,40,18.51,25.89,West,740.4000000000001,1035.6,-295.1999999999998,-39.870340356563986
1212,Strategic Thinking,Simon Sinek,25,Male,Medium,21,11.33,5.37,North,237.93,112.77,125.16000000000001,52.60370697263902
1213,Business Strategy 101,John Maxwell,46,Male,Medium,28,22.16,14.48,East,620.48,405.44,215.04000000000002,34.65703971119134
1214,Business Strategy 101,Simon Sinek,56,Female,Medium,11,36.13,13.43,South,397.43,147.73,249.70000000000002,62.82867423194022
1215,Competitive Advantage,Simon Sinek,20,Female,Medium,34,47.53,5.48,North,1616.02,186.32000000000002,1429.7,88.47043972228067
1216,Business Strategy 101,Clayton Christensen,49,Female,Low,8,44.85,8.11,South,358.8,64.88,293.92,81.917502787068
1217,Corporate Leadership,Michael Porter,27,Female,Medium,22,40.64,15.34,North,894.08,337.48,556.6,62.253937007874015
1218,Corporate Leadership,Simon Sinek,27,Male,High,8,41.54,17.32,East,332.32,138.56,193.76,58.30524795377949
1219,Market Domination,Peter Drucker,36,Male,Low,49,36.6,15.11,East,1793.4,740.39,1053.0100000000002,58.715846994535525
1220,Growth Strategy Guide,Michael Porter,63,Female,High,15,20.41,18.27,South,306.15,274.05,32.099999999999966,10.485056344928946
1221,Strategic Thinking,Michael Porter,51,Male,Low,17,46.29,19.88,East,786.93,337.96,448.96999999999997,57.05335925685894
1222,Business Strategy 101,Michael Porter,50,Female,Medium,23,36.83,5.25,West,847.0899999999999,120.75,726.3399999999999,85.74531631821884
1223,Business Strategy 101,Clayton Christensen,40,Female,Low,24,32.42,16.6,North,778.08,398.40000000000003,379.68,48.797038864898205
1224,Competitive Advantage,Simon Sinek,45,Male,Low,45,14.44,29.09,East,649.8,1309.05,-659.25,-101.45429362880887
1225,Growth Strategy Guide,Clayton Christensen,49,Female,High,19,27.88,17.98,West,529.72,341.62,188.10000000000002,35.50932568149211
1226,Corporate Leadership,Simon Sinek,24,Male,High,5,28.41,21.94,South,142.05,109.7,32.35000000000001,22.773671242520244
1227,Strategic Thinking,Clayton Christensen,46,Male,Medium,32,44.58,12.8,West,1426.56,409.6,1016.9599999999999,71.28757290264693
1228,Market Domination,Clayton Christensen,25,Male,Low,44,31.87,24.35,South,1402.28,1071.4,330.8799999999999,23.59585817383118
1229,Corporate Leadership,Peter Drucker,18,Male,Low,1,25.22,24.32,South,25.22,24.32,0.8999999999999986,3.568596352101501
1230,Growth Strategy Guide,Clayton Christensen,20,Female,Low,23,49.07,18.03,North,1128.61,414.69000000000005,713.9199999999998,63.25657224373343
1231,Market Domination,John Maxwell,41,Male,Medium,37,14.43,29.4,North,533.91,1087.8,-553.89,-103.74220374220376
1232,Competitive Advantage,Peter Drucker,40,Female,Medium,8,26.9,8.14,West,215.2,65.12,150.07999999999998,69.73977695167287
1233,Competitive Advantage,Clayton Christensen,25,Female,Medium,13,11.68,5.42,North,151.84,70.46,81.38000000000001,53.595890410958916
1234,Business Strategy 101,Michael Porter,64,Female,Medium,8,39.6,24.25,North,316.8,194.0,122.80000000000001,38.76262626262626
1235,Growth Strategy Guide,John Maxwell,54,Female,Medium,23,46.72,25.18,North,1074.56,579.14,495.41999999999996,46.10445205479452
1236,Strategic Thinking,John Maxwell,20,Male,High,43,21.2,8.01,West,911.6,344.43,567.1700000000001,62.216981132075475
1237,Market Domination,John Maxwell,50,Male,Low,1,44.33,11.64,East,44.33,11.64,32.69,73.74238664561244
1238,Corporate Leadership,Peter Drucker,45,Female,Low,45,21.69,5.44,North,976.0500000000001,244.8,731.25,74.91931765790687
1239,Growth Strategy Guide,Clayton Christensen,64,Female,Low,24,46.43,12.33,North,1114.32,295.92,818.3999999999999,73.44389403402971
1240,Growth Strategy Guide,Clayton Christensen,25,Male,Low,35,40.16,24.33,West,1405.6,851.55,554.05,39.417330677290835
1241,Competitive Advantage,Michael Porter,51,Female,Low,24,42.2,17.95,East,1012.8000000000001,430.79999999999995,582.0000000000001,57.46445497630332
1242,Business Strategy 101,Michael Porter,52,Male,Low,17,10.72,13.7,North,182.24,232.89999999999998,-50.65999999999997,-27.79850746268655
1243,Business Strategy 101,John Maxwell,49,Female,Low,5,48.51,14.29,South,242.54999999999998,71.44999999999999,171.1,70.54215625644197
1244,Market Domination,Michael Porter,41,Male,Low,20,39.07,5.03,West,781.4,100.60000000000001,680.8,87.12567187100076
1245,Competitive Advantage,Peter Drucker,31,Female,High,21,22.19,12.5,North,465.99,262.5,203.49,43.66831906264083
1246,Growth Strategy Guide,Clayton Christensen,49,Female,Low,40,43.18,21.16,North,1727.2,846.4,880.8000000000001,50.995831403427516
1247,Strategic Thinking,John Maxwell,63,Male,High,31,21.26,29.35,South,659.0600000000001,909.85,-250.78999999999996,-38.052681091251166
1248,Competitive Advantage,Michael Porter,60,Female,Medium,46,44.91,26.18,South,2065.8599999999997,1204.28,861.5799999999997,41.705633489200615
1249,Market Domination,Peter Drucker,33,Female,Low,36,14.5,5.59,West,522.0,201.24,320.76,61.44827586206897
1250,Market Domination,Peter Drucker,21,Male,Medium,11,38.15,27.46,West,419.65,302.06,117.58999999999997,28.020969855832234
1251,Competitive Advantage,Michael Porter,54,Female,Medium,15,31.63,24.58,South,474.45,368.7,105.75,22.288966171356307
1252,Market Domination,Clayton Christensen,38,Male,Medium,19,13.86,24.51,West,263.34,465.69000000000005,-202.35000000000008,-76.83982683982687
1253,Competitive Advantage,Michael Porter,31,Male,High,7,19.68,16.45,South,137.76,115.14999999999999,22.61,16.41260162601626
1254,Corporate Leadership,John Maxwell,48,Female,Medium,28,10.5,14.95,North,294.0,418.59999999999997,-124.59999999999997,-42.38095238095237
1255,Competitive Advantage,Michael Porter,35,Female,Medium,43,28.75,12.57,South,1236.25,540.51,695.74,56.27826086956522
1256,Competitive Advantage,Peter Drucker,24,Female,Medium,5,22.05,6.64,South,110.25,33.199999999999996,77.05000000000001,69.88662131519276
1257,Market Domination,Michael Porter,27,Female,Low,5,33.93,10.71,East,169.65,53.550000000000004,116.1,68.43501326259947
1258,Market Domination,Clayton Christensen,24,Female,Low,30,21.89,11.17,South,656.7,335.1,321.6,48.97213339424395
1259,Business Strategy 101,Simon Sinek,50,Female,High,32,22.0,17.1,South,704.0,547.2,156.79999999999995,22.272727272727266
1260,Business Strategy 101,Michael Porter,40,Female,High,8,39.73,23.69,East,317.84,189.52,128.31999999999996,40.37251447269065
1261,Corporate Leadership,Clayton Christensen,38,Male,Low,10,11.93,16.85,West,119.3,168.5,-49.2,-41.240569991617775
1262,Business Strategy 101,Clayton Christensen,36,Female,High,38,46.12,6.45,East,1752.56,245.1,1507.46,86.01474414570686
1263,Competitive Advantage,Peter Drucker,36,Male,Low,47,44.09,28.94,North,2072.23,1360.18,712.05,34.36153322748922
1264,Market Domination,Clayton Christensen,53,Female,Medium,32,36.71,28.57,East,1174.72,914.24,260.48,22.173794606374287
1265,Business Strategy 101,Clayton Christensen,46,Female,Medium,48,33.73,24.63,North,1619.04,1182.24,436.79999999999995,26.97895048917877
1266,Business Strategy 101,Clayton Christensen,35,Male,High,28,45.69,29.78,West,1279.32,833.84,445.4799999999999,34.821623987743486
1267,Corporate Leadership,Clayton Christensen,19,Female,Low,17,17.41,18.61,East,295.97,316.37,-20.399999999999977,-6.892590465249848
1268,Growth Strategy Guide,John Maxwell,18,Female,Low,31,13.16,29.07,East,407.96,901.17,-493.21,-120.8966565349544
1269,Corporate Leadership,John Maxwell,64,Male,High,8,19.58,6.89,West,156.64,55.12,101.51999999999998,64.81103166496425
1270,Competitive Advantage,Peter Drucker,22,Female,Low,40,41.78,14.14,North,1671.2,565.6,1105.6,66.15605552896122
1271,Market Domination,Michael Porter,37,Female,Medium,25,11.39,10.63,East,284.75,265.75,19.0,6.672519754170326
1272,Corporate Leadership,Clayton Christensen,28,Female,High,9,33.31,9.9,North,299.79,89.10000000000001,210.69,70.27919543680576
1273,Business Strategy 101,Michael Porter,59,Male,High,2,49.82,8.52,East,99.64,17.04,82.6,82.89843436370936
1274,Market Domination,Michael Porter,19,Female,Low,15,44.23,20.56,South,663.4499999999999,308.4,355.04999999999995,53.515713316753335
1275,Market Domination,Peter Drucker,20,Female,High,3,30.86,24.53,East,92.58,73.59,18.989999999999995,20.511989630589756
1276,Business Strategy 101,Clayton Christensen,40,Female,Low,49,12.55,19.46,West,614.95,953.5400000000001,-338.59000000000003,-55.059760956175296
1277,Corporate Leadership,Clayton Christensen,29,Female,Low,36,43.25,8.67,West,1557.0,312.12,1244.88,79.95375722543353
1278,Business Strategy 101,Simon Sinek,37,Male,Low,4,33.96,25.28,North,135.84,101.12,34.72,25.559481743227323
1279,Growth Strategy Guide,Michael Porter,22,Male,Low,14,14.6,20.9,East,204.4,292.59999999999997,-88.19999999999996,-43.15068493150683
1280,Market Domination,Michael Porter,54,Female,Low,41,13.75,14.7,North,563.75,602.6999999999999,-38.94999999999993,-6.909090909090897
1281,Strategic Thinking,John Maxwell,55,Female,High,41,46.39,21.85,North,1901.99,895.85,1006.14,52.89933175253287
1282,Strategic Thinking,Simon Sinek,47,Male,Medium,25,36.77,11.5,South,919.2500000000001,287.5,631.7500000000001,68.72450367147131
1283,Competitive Advantage,John Maxwell,26,Male,Medium,10,43.17,13.63,South,431.70000000000005,136.3,295.40000000000003,68.42714848274265
1284,Business Strategy 101,John Maxwell,51,Female,High,21,45.16,27.94,West,948.3599999999999,586.74,361.6199999999999,38.13108945969884
1285,Business Strategy 101,John Maxwell,61,Male,High,36,32.87,12.26,North,1183.32,441.36,741.9599999999999,62.701551566778214
1286,Competitive Advantage,Peter Drucker,52,Female,Medium,12,30.7,16.75,West,368.4,201.0,167.39999999999998,45.43973941368078
1287,Competitive Advantage,Peter Drucker,39,Male,Medium,27,27.22,27.25,East,734.9399999999999,735.75,-0.8100000000000591,-0.1102130786186708
1288,Competitive Advantage,John Maxwell,61,Male,Medium,40,22.68,22.69,North,907.2,907.6,-0.39999999999997726,-0.04409171075837492
1289,Market Domination,Simon Sinek,41,Male,Medium,2,27.38,6.56,North,54.76,13.12,41.64,76.0409057706355
1290,Growth Strategy Guide,Michael Porter,34,Male,Medium,13,40.96,8.68,East,532.48,112.84,419.64,78.80859375
1291,Business Strategy 101,Simon Sinek,27,Female,Low,32,34.08,5.2,East,1090.56,166.4,924.16,84.74178403755869
1292,Market Domination,Clayton Christensen,47,Male,High,31,45.7,20.77,West,1416.7,643.87,772.83,54.55142231947484
1293,Competitive Advantage,Peter Drucker,63,Male,Low,16,27.74,16.19,West,443.84,259.04,184.79999999999995,41.63662581110309
1294,Business Strategy 101,Michael Porter,40,Female,Medium,32,34.28,8.36,East,1096.96,267.52,829.44,75.61260210035006
1295,Market Domination,Michael Porter,49,Male,Medium,32,35.25,28.95,West,1128.0,926.4,201.60000000000002,17.872340425531917
1296,Growth Strategy Guide,Clayton Christensen,34,Male,Medium,34,33.67,18.24,East,1144.78,620.16,524.62,45.82714582714583
1297,Market Domination,Clayton Christensen,34,Female,Low,11,38.11,11.05,North,419.21,121.55000000000001,297.65999999999997,71.00498556809237
1298,Growth Strategy Guide,John Maxwell,31,Male,Low,10,19.5,17.52,North,195.0,175.2,19.80000000000001,10.153846153846159
1299,Competitive Advantage,Peter Drucker,26,Female,Medium,15,30.49,21.99,South,457.34999999999997,329.84999999999997,127.5,27.877992784519517
1300,Growth Strategy Guide,Peter Drucker,57,Female,Low,17,14.17,6.91,North,240.89,117.47,123.41999999999999,51.235003528581515
1301,Business Strategy 101,Simon Sinek,19,Female,Low,40,25.38,11.87,East,1015.1999999999999,474.79999999999995,540.4,53.230890464933026
1302,Competitive Advantage,John Maxwell,62,Female,Medium,18,29.51,25.17,West,531.1800000000001,453.06000000000006,78.12,14.70687902405964
1303,Business Strategy 101,John Maxwell,42,Male,Low,9,36.09,16.49,South,324.81000000000006,148.41,176.40000000000006,54.308672762538116
1304,Strategic Thinking,John Maxwell,56,Female,High,25,48.02,18.66,West,1200.5,466.5,734.0,61.141191170345685
1305,Corporate Leadership,John Maxwell,26,Male,High,40,34.03,15.82,East,1361.2,632.8,728.4000000000001,53.51160740523069
1306,Growth Strategy Guide,Peter Drucker,39,Male,High,14,39.74,6.1,North,556.36,85.39999999999999,470.96000000000004,84.65022647206844
1307,Corporate Leadership,Peter Drucker,60,Male,High,25,30.25,9.14,South,756.25,228.5,527.75,69.78512396694215
1308,Corporate Leadership,John Maxwell,63,Male,Medium,22,35.36,16.14,East,777.92,355.08000000000004,422.8399999999999,54.355203619909496
1309,Growth Strategy Guide,Simon Sinek,21,Male,Medium,30,12.84,10.23,South,385.2,306.90000000000003,78.29999999999995,20.327102803738306
1310,Competitive Advantage,Michael Porter,43,Male,Medium,20,20.18,6.25,South,403.6,125.0,278.6,69.02874132804757
1311,Strategic Thinking,Michael Porter,46,Male,High,21,24.47,26.09,North,513.87,547.89,-34.01999999999998,-6.620351450756025
1312,Business Strategy 101,Simon Sinek,62,Male,High,44,28.9,29.53,East,1271.6,1299.3200000000002,-27.720000000000255,-2.179930795847771
1313,Market Domination,John Maxwell,51,Male,Low,32,11.83,24.83,West,378.56,794.56,-415.99999999999994,-109.89010989010988
1314,Business Strategy 101,Peter Drucker,40,Male,Low,46,15.6,26.34,South,717.6,1211.64,-494.0400000000001,-68.84615384615385
1315,Market Domination,Michael Porter,54,Female,High,49,21.07,11.05,South,1032.43,541.45,490.98,47.55576649264357
1316,Business Strategy 101,Clayton Christensen,28,Female,High,21,48.86,29.02,West,1026.06,609.42,416.64,40.6058125255833
1317,Growth Strategy Guide,Clayton Christensen,23,Female,High,35,23.25,9.92,East,813.75,347.2,466.55,57.333333333333336
1318,Strategic Thinking,Simon Sinek,35,Male,High,32,29.28,28.79,South,936.96,921.28,15.680000000000064,1.6734972677595696
1319,Market Domination,John Maxwell,38,Female,Low,30,17.84,29.87,South,535.2,896.1,-360.9,-67.43273542600896
1320,Competitive Advantage,Michael Porter,59,Female,High,39,34.43,22.79,South,1342.77,888.81,453.96000000000004,33.807725820505375
1321,Business Strategy 101,John Maxwell,53,Female,Low,49,21.23,29.53,East,1040.27,1446.97,-406.70000000000005,-39.09561940650024
1322,Business Strategy 101,Michael Porter,58,Male,High,12,18.28,19.24,East,219.36,230.88,-11.519999999999982,-5.251641137855572
1323,Market Domination,Simon Sinek,55,Male,High,41,30.66,11.49,West,1257.06,471.09000000000003,785.9699999999999,62.52446183953033
1324,Competitive Advantage,Simon Sinek,51,Male,High,47,10.22,15.92,East,480.34000000000003,748.24,-267.9,-55.772994129158505
1325,Competitive Advantage,Clayton Christensen,34,Male,Low,18,10.31,19.84,East,185.58,357.12,-171.54,-92.43452958292919
1326,Growth Strategy Guide,John Maxwell,54,Female,Low,21,18.76,6.83,North,393.96000000000004,143.43,250.53000000000003,63.59275053304905
1327,Growth Strategy Guide,Clayton Christensen,42,Female,Medium,13,11.47,20.56,West,149.11,267.28,-118.16999999999996,-79.25021795989534
1328,Growth Strategy Guide,John Maxwell,55,Female,High,21,14.32,29.53,South,300.72,620.13,-319.40999999999997,-106.21508379888267
1329,Growth Strategy Guide,Clayton Christensen,29,Female,Medium,8,23.55,9.75,East,188.4,78.0,110.4,58.59872611464968
1330,Growth Strategy Guide,Peter Drucker,40,Male,Medium,46,42.1,24.81,South,1936.6000000000001,1141.26,795.3400000000001,41.06888361045131
1331,Growth Strategy Guide,Peter Drucker,59,Male,Low,40,32.88,27.7,South,1315.2,1108.0,207.20000000000005,15.754257907542582
1332,Strategic Thinking,Peter Drucker,39,Male,Low,46,30.51,28.59,North,1403.46,1315.14,88.31999999999994,6.293018682399208
1333,Competitive Advantage,Peter Drucker,38,Female,Medium,7,21.74,29.0,East,152.17999999999998,203.0,-50.82000000000002,-33.39466421343148
1334,Growth Strategy Guide,Michael Porter,44,Male,High,23,47.27,18.04,West,1087.21,414.91999999999996,672.2900000000001,61.83625978421833
1335,Competitive Advantage,Peter Drucker,48,Male,Low,44,25.88,29.43,East,1138.72,1294.92,-156.20000000000005,-13.717156105100466
1336,Competitive Advantage,Simon Sinek,23,Female,High,32,13.48,23.93,South,431.36,765.76,-334.4,-77.52225519287833
1337,Corporate Leadership,Simon Sinek,44,Female,High,11,34.68,9.04,West,381.48,99.44,282.04,73.93310265282584
1338,Strategic Thinking,Michael Porter,57,Male,Medium,22,14.55,16.92,East,320.1,372.24,-52.139999999999986,-16.28865979381443
1339,Growth Strategy Guide,Peter Drucker,51,Male,Medium,22,23.81,22.96,South,523.8199999999999,505.12,18.699999999999932,3.569928601427959
1340,Business Strategy 101,Peter Drucker,29,Male,Medium,43,30.3,11.18,South,1302.9,480.74,822.1600000000001,63.102310231023104
1341,Market Domination,Peter Drucker,62,Male,Medium,25,44.97,21.02,North,1124.25,525.5,598.75,53.25772737380476
1342,Business Strategy 101,Clayton Christensen,24,Male,Low,22,29.74,21.67,North,654.28,476.74,177.53999999999996,27.13517148621385
1343,Strategic Thinking,John Maxwell,27,Male,Low,28,38.09,9.07,North,1066.52,253.96,812.56,76.18797584667891
1344,Market Domination,Clayton Christensen,62,Female,Medium,29,49.71,19.13,South,1441.59,554.77,886.8199999999999,61.516797425065384
1345,Strategic Thinking,John Maxwell,34,Female,Low,13,15.26,24.29,East,198.38,315.77,-117.38999999999999,-59.1743119266055
1346,Competitive Advantage,Peter Drucker,43,Female,Medium,18,20.99,17.47,North,377.82,314.46,63.360000000000014,16.76989042401144
1347,Market Domination,Peter Drucker,38,Male,High,2,25.78,5.3,East,51.56,10.6,40.96,79.44142746314972
1348,Competitive Advantage,Clayton Christensen,45,Female,High,29,26.87,5.23,North,779.23,151.67000000000002,627.56,80.53591365835503
1349,Business Strategy 101,Clayton Christensen,63,Male,High,21,26.44,13.93,West,555.24,292.53,262.71000000000004,47.31467473524963
1350,Business Strategy 101,John Maxwell,19,Male,Medium,15,46.3,28.15,West,694.5,422.25,272.25,39.200863930885525
1351,Market Domination,Simon Sinek,60,Female,High,27,38.56,10.72,North,1041.1200000000001,289.44,751.6800000000001,72.19917012448133
1352,Market Domination,John Maxwell,18,Male,Low,31,34.32,20.86,South,1063.92,646.66,417.2600000000001,39.219114219114225
1353,Growth Strategy Guide,Clayton Christensen,53,Male,High,15,22.37,10.55,North,335.55,158.25,177.3,52.838623156012524
1354,Strategic Thinking,Clayton Christensen,43,Female,High,23,42.95,13.04,North,987.85,299.91999999999996,687.9300000000001,69.63911525029104
1355,Growth Strategy Guide,Michael Porter,46,Female,High,24,48.2,26.2,South,1156.8000000000002,628.8,528.0000000000002,45.64315352697096
1356,Strategic Thinking,Clayton Christensen,38,Female,Low,44,42.85,23.22,West,1885.4,1021.68,863.7200000000001,45.81096849474913
1357,Growth Strategy Guide,Michael Porter,28,Male,Medium,13,10.06,7.38,East,130.78,95.94,34.84,26.640159045725646
1358,Competitive Advantage,Simon Sinek,57,Female,Low,22,35.46,15.72,North,780.12,345.84000000000003,434.28,55.66835871404399
1359,Market Domination,John Maxwell,28,Female,Medium,43,12.05,5.73,South,518.15,246.39000000000001,271.76,52.44813278008299
1360,Business Strategy 101,John Maxwell,53,Male,Medium,37,20.3,17.02,North,751.1,629.74,121.36000000000001,16.157635467980295
1361,Strategic Thinking,Michael Porter,56,Female,High,33,12.38,21.56,South,408.54,711.4799999999999,-302.9399999999999,-74.15185783521807
1362,Strategic Thinking,John Maxwell,57,Female,Medium,3,34.15,7.96,East,102.44999999999999,23.88,78.57,76.69106881405564
1363,Business Strategy 101,Clayton Christensen,52,Female,Low,19,37.46,12.22,East,711.74,232.18,479.56,67.37853710624665
1364,Growth Strategy Guide,Peter Drucker,51,Male,Low,23,14.58,14.95,West,335.34,343.84999999999997,-8.509999999999991,-2.5377229080932757
1365,Strategic Thinking,Michael Porter,64,Male,Medium,29,25.35,27.99,South,735.1500000000001,811.7099999999999,-76.55999999999983,-10.41420118343193
1366,Competitive Advantage,John Maxwell,41,Male,High,30,28.25,29.83,South,847.5,894.9,-47.39999999999998,-5.592920353982298
1367,Market Domination,Michael Porter,39,Male,High,39,24.76,6.12,West,965.6400000000001,238.68,726.96,75.2827140549273
1368,Business Strategy 101,Michael Porter,22,Female,Low,44,14.84,24.03,West,652.96,1057.3200000000002,-404.3600000000001,-61.92722371967656
1369,Market Domination,Peter Drucker,50,Male,High,47,26.76,14.29,South,1257.72,671.63,586.09,46.59940209267563
1370,Strategic Thinking,Clayton Christensen,53,Male,Medium,25,40.05,14.81,West,1001.2499999999999,370.25,630.9999999999999,63.02122347066167
1371,Strategic Thinking,Michael Porter,64,Female,Medium,37,12.84,23.86,East,475.08,882.8199999999999,-407.73999999999995,-85.82554517133956
1372,Business Strategy 101,John Maxwell,37,Female,Low,47,13.21,27.96,North,620.87,1314.1200000000001,-693.2500000000001,-111.65783497350495
1373,Competitive Advantage,Simon Sinek,36,Female,Medium,8,24.19,28.77,East,193.52,230.16,-36.639999999999986,-18.933443571723846
1374,Corporate Leadership,Michael Porter,52,Male,Low,42,47.67,19.43,West,2002.14,816.06,1186.0800000000002,59.24061254457731
1375,Business Strategy 101,Michael Porter,60,Male,Medium,16,36.74,13.93,South,587.84,222.88,364.96000000000004,62.084921066957
1376,Corporate Leadership,Peter Drucker,34,Male,Low,8,37.15,24.69,South,297.2,197.52,99.67999999999998,33.53970390309555
1377,Growth Strategy Guide,Clayton Christensen,62,Female,High,1,24.48,11.28,East,24.48,11.28,13.200000000000001,53.92156862745099
1378,Corporate Leadership,Simon Sinek,60,Female,Medium,44,33.75,19.1,South,1485.0,840.4000000000001,644.5999999999999,43.4074074074074
1379,Competitive Advantage,John Maxwell,51,Male,Medium,5,10.41,13.96,West,52.05,69.80000000000001,-17.750000000000014,-34.10182516810762
1380,Growth Strategy Guide,Simon Sinek,26,Female,Low,3,35.44,21.42,East,106.32,64.26,42.05999999999999,39.55981941309254
1381,Corporate Leadership,John Maxwell,43,Female,Low,1,46.53,11.01,South,46.53,11.01,35.52,76.33784655061251
1382,Growth Strategy Guide,Clayton Christensen,19,Female,Medium,4,34.5,9.79,North,138.0,39.16,98.84,71.6231884057971
1383,Corporate Leadership,John Maxwell,26,Male,Low,40,44.95,27.96,North,1798.0,1118.4,679.5999999999999,37.797552836484975
1384,Competitive Advantage,Peter Drucker,26,Female,Medium,35,38.96,7.55,West,1363.6000000000001,264.25,1099.3500000000001,80.6211498973306
1385,Corporate Leadership,Peter Drucker,57,Female,High,32,14.82,17.65,South,474.24,564.8,-90.55999999999995,-19.095816464237505
1386,Corporate Leadership,Peter Drucker,34,Male,Low,42,46.1,10.52,West,1936.2,441.84,1494.3600000000001,77.18004338394795
1387,Corporate Leadership,Peter Drucker,18,Male,Medium,34,12.66,5.97,East,430.44,202.98,227.46,52.84360189573461
1388,Business Strategy 101,Simon Sinek,42,Female,High,43,31.36,5.9,North,1348.48,253.70000000000002,1094.78,81.1862244897959
1389,Business Strategy 101,Clayton Christensen,60,Female,High,25,15.69,9.38,East,392.25,234.50000000000003,157.74999999999997,40.21669853409814
1390,Business Strategy 101,John Maxwell,57,Male,Medium,10,10.47,26.67,South,104.7,266.70000000000005,-162.00000000000006,-154.7277936962751
1391,Competitive Advantage,John Maxwell,59,Male,Low,21,26.88,12.06,West,564.48,253.26000000000002,311.22,55.13392857142857
1392,Growth Strategy Guide,Peter Drucker,42,Female,Medium,46,21.8,28.76,West,1002.8000000000001,1322.96,-320.15999999999997,-31.92660550458715
1393,Strategic Thinking,Peter Drucker,56,Female,High,39,29.44,19.54,West,1148.16,762.06,386.10000000000014,33.62771739130436
1394,Corporate Leadership,Michael Porter,52,Female,Medium,27,33.09,15.92,East,893.4300000000001,429.84,463.5900000000001,51.88878815352071
1395,Corporate Leadership,Clayton Christensen,20,Female,Low,27,11.75,19.5,North,317.25,526.5,-209.25,-65.95744680851064
1396,Competitive Advantage,Simon Sinek,54,Male,High,2,14.92,17.92,East,29.84,35.84,-6.0000000000000036,-20.107238605898132
1397,Corporate Leadership,John Maxwell,61,Female,Medium,41,32.35,23.97,East,1326.3500000000001,982.77,343.58000000000015,25.904173106646066
1398,Business Strategy 101,Michael Porter,61,Female,Low,48,23.73,12.06,South,1139.04,578.88,560.16,49.17825537294564
1399,Strategic Thinking,Michael Porter,47,Male,High,13,39.17,13.83,South,509.21000000000004,179.79,329.4200000000001,64.69236660709727
1400,Market Domination,John Maxwell,55,Female,Low,9,36.09,27.35,South,324.81000000000006,246.15,78.66000000000005,24.217234691050166
1401,Corporate Leadership,Simon Sinek,51,Male,High,36,43.82,28.66,North,1577.52,1031.76,545.76,34.596074851665904
1402,Business Strategy 101,Michael Porter,29,Female,Medium,22,37.7,27.31,North,829.4000000000001,600.8199999999999,228.58000000000015,27.55968169761275
1403,Market Domination,Michael Porter,36,Female,Low,42,27.2,15.49,South,1142.3999999999999,650.58,491.8199999999998,43.05147058823528
1404,Strategic Thinking,Clayton Christensen,54,Male,High,26,36.92,24.51,South,959.9200000000001,637.26,322.6600000000001,33.61321776814735
1405,Market Domination,Simon Sinek,61,Male,Low,12,21.02,16.91,North,252.24,202.92000000000002,49.31999999999999,19.552806850618456
1406,Business Strategy 101,Michael Porter,34,Female,Low,17,22.25,17.44,West,378.25,296.48,81.76999999999998,21.61797752808988
1407,Growth Strategy Guide,Simon Sinek,27,Female,Medium,14,41.56,10.12,North,581.84,141.67999999999998,440.1600000000001,75.64966313763234
1408,Growth Strategy Guide,John Maxwell,64,Female,Low,14,27.86,19.78,North,390.03999999999996,276.92,113.11999999999995,29.002153625269194
1409,Market Domination,Peter Drucker,29,Male,High,34,41.94,9.65,North,1425.96,328.1,1097.8600000000001,76.99093943729137
1410,Competitive Advantage,Michael Porter,33,Female,High,20,42.9,13.29,South,858.0,265.79999999999995,592.2,69.02097902097903
1411,Market Domination,Clayton Christensen,41,Male,High,11,44.3,26.38,West,487.29999999999995,290.18,197.11999999999995,40.45146726862302
1412,Corporate Leadership,John Maxwell,36,Male,High,16,46.67,10.18,North,746.72,162.88,583.84,78.18727233769016
1413,Corporate Leadership,Simon Sinek,25,Female,Medium,31,27.24,6.78,South,844.4399999999999,210.18,634.26,75.11013215859032
1414,Growth Strategy Guide,John Maxwell,48,Male,Low,6,22.75,6.73,East,136.5,40.38,96.12,70.41758241758242
1415,Competitive Advantage,Michael Porter,38,Female,Medium,19,33.29,28.52,East,632.51,541.88,90.63,14.328627215379994
1416,Business Strategy 101,Simon Sinek,34,Female,Low,37,24.85,17.67,North,919.45,653.7900000000001,265.65999999999997,28.89336016096579
1417,Corporate Leadership,Peter Drucker,40,Female,Low,4,34.04,15.24,East,136.16,60.96,75.19999999999999,55.22914218566392
1418,Growth Strategy Guide,John Maxwell,54,Female,Low,47,38.22,25.27,West,1796.34,1187.69,608.6499999999999,33.882783882783876
1419,Strategic Thinking,Michael Porter,33,Female,Medium,4,37.54,25.9,East,150.16,103.6,46.56,31.006925945657965
1420,Growth Strategy Guide,Clayton Christensen,23,Male,Low,20,24.98,13.3,East,499.6,266.0,233.60000000000002,46.75740592473979
1421,Corporate Leadership,Simon Sinek,25,Male,Medium,10,16.67,22.34,West,166.70000000000002,223.4,-56.69999999999999,-34.01319736052788
1422,Corporate Leadership,John Maxwell,42,Female,High,24,27.22,24.28,North,653.28,582.72,70.55999999999995,10.80088170462894
1423,Growth Strategy Guide,John Maxwell,35,Female,High,35,15.7,21.37,North,549.5,747.95,-198.45000000000005,-36.11464968152867
1424,Business Strategy 101,Peter Drucker,42,Male,Low,26,45.6,8.79,West,1185.6000000000001,228.53999999999996,957.0600000000002,80.72368421052633
1425,Market Domination,Peter Drucker,29,Male,Medium,37,23.84,26.9,West,882.08,995.3,-113.21999999999991,-12.835570469798647
1426,Corporate Leadership,Clayton Christensen,32,Male,High,38,16.18,18.48,West,614.84,702.24,-87.39999999999998,-14.215080346106298
1427,Growth Strategy Guide,Clayton Christensen,43,Male,Medium,21,11.02,12.06,East,231.42,253.26000000000002,-21.840000000000032,-9.437386569872972
1428,Growth Strategy Guide,Michael Porter,58,Female,Medium,40,35.83,15.63,West,1433.1999999999998,625.2,807.9999999999998,56.37733742673736
1429,Competitive Advantage,Michael Porter,62,Female,Low,39,35.48,5.94,South,1383.7199999999998,231.66000000000003,1152.0599999999997,83.25817361894023
1430,Market Domination,Clayton Christensen,43,Male,High,21,23.62,8.2,East,496.02000000000004,172.2,323.82000000000005,65.28365791701948
1431,Strategic Thinking,Clayton Christensen,64,Female,Low,10,12.87,24.14,North,128.7,241.4,-112.70000000000002,-87.56798756798759
1432,Business Strategy 101,Simon Sinek,49,Male,Low,38,26.39,5.0,North,1002.82,190.0,812.82,81.0534293292914
1433,Strategic Thinking,Peter Drucker,27,Female,High,46,22.45,15.41,North,1032.7,708.86,323.84000000000003,31.35857461024499
1434,Market Domination,Michael Porter,33,Male,High,4,37.08,18.06,East,148.32,72.24,76.08,51.29449838187702
1435,Market Domination,Peter Drucker,24,Female,Medium,45,34.23,6.37,South,1540.35,286.65,1253.6999999999998,81.39059304703476
1436,Market Domination,Peter Drucker,34,Male,High,20,24.58,29.33,West,491.59999999999997,586.5999999999999,-94.99999999999994,-19.32465419039869
1437,Strategic Thinking,Clayton Christensen,40,Male,Medium,17,18.72,10.65,West,318.24,181.05,137.19,43.10897435897436
1438,Market Domination,Simon Sinek,43,Female,Medium,7,49.52,12.6,North,346.64000000000004,88.2,258.44000000000005,74.55573505654282
1439,Growth Strategy Guide,John Maxwell,38,Male,Medium,4,28.16,12.6,North,112.64,50.4,62.24,55.25568181818182
1440,Strategic Thinking,Simon Sinek,39,Female,High,29,37.53,10.76,East,1088.3700000000001,312.04,776.3300000000002,71.32960298427925
1441,Market Domination,Simon Sinek,24,Female,Low,14,15.62,5.04,South,218.67999999999998,70.56,148.11999999999998,67.73367477592829
1442,Growth Strategy Guide,Peter Drucker,31,Male,Medium,3,29.42,23.23,West,88.26,69.69,18.570000000000007,21.040108769544535
1443,Competitive Advantage,Simon Sinek,32,Female,Low,24,11.1,29.17,East,266.4,700.08,-433.68000000000006,-162.79279279279285
1444,Market Domination,Michael Porter,24,Female,Low,37,30.22,10.61,West,1118.1399999999999,392.57,725.5699999999999,64.89080079417604
1445,Strategic Thinking,Peter Drucker,26,Female,High,16,48.56,21.58,North,776.96,345.28,431.68000000000006,55.56013179571665
1446,Corporate Leadership,Michael Porter,25,Female,Low,4,25.37,23.55,West,101.48,94.2,7.280000000000001,7.173827355143872
1447,Market Domination,John Maxwell,40,Female,Low,24,11.56,26.21,South,277.44,629.04,-351.59999999999997,-126.73010380622836
1448,Corporate Leadership,Peter Drucker,46,Male,High,34,11.24,15.57,South,382.16,529.38,-147.21999999999997,-38.523131672597856
1449,Growth Strategy Guide,John Maxwell,35,Female,Medium,30,25.52,12.57,North,765.6,377.1,388.5,50.74451410658307
1450,Competitive Advantage,Peter Drucker,48,Female,Low,18,16.4,13.13,South,295.2,236.34,58.859999999999985,19.939024390243897
1451,Business Strategy 101,Clayton Christensen,47,Female,High,19,10.93,22.82,South,207.67,433.58,-225.91,-108.78316559926809
1452,Competitive Advantage,Simon Sinek,56,Female,Low,31,40.25,25.42,East,1247.75,788.0200000000001,459.7299999999999,36.8447204968944
1453,Market Domination,Clayton Christensen,52,Female,Low,19,28.34,9.54,West,538.46,181.26,357.20000000000005,66.33733239237827
1454,Corporate Leadership,John Maxwell,35,Male,Medium,49,21.57,14.27,North,1056.93,699.23,357.70000000000005,33.843300880853036
1455,Corporate Leadership,Simon Sinek,59,Female,Low,46,46.0,27.55,North,2116.0,1267.3,848.7,40.108695652173914
1456,Strategic Thinking,Peter Drucker,56,Male,High,19,14.65,25.17,North,278.35,478.23,-199.88,-71.80887372013652
1457,Corporate Leadership,Simon Sinek,34,Male,Low,22,48.24,29.62,North,1061.28,651.64,409.64,38.598673300165835
1458,Strategic Thinking,Michael Porter,31,Male,Medium,24,22.56,23.86,North,541.4399999999999,572.64,-31.200000000000045,-5.762411347517739
1459,Growth Strategy Guide,Simon Sinek,48,Male,Medium,45,45.54,14.83,South,2049.3,667.35,1381.9500000000003,67.43522178304788
1460,Business Strategy 101,Michael Porter,41,Female,High,12,34.12,19.77,East,409.43999999999994,237.24,172.19999999999993,42.05744431418522
1461,Market Domination,Simon Sinek,52,Male,Medium,30,43.07,21.53,North,1292.1,645.9000000000001,646.1999999999998,50.01160900859065
1462,Strategic Thinking,Michael Porter,61,Male,Low,38,49.36,6.96,East,1875.68,264.48,1611.2,85.89951377633712
1463,Business Strategy 101,John Maxwell,62,Female,Medium,31,21.54,18.61,East,667.74,576.91,90.83000000000004,13.602599814298985
1464,Corporate Leadership,Clayton Christensen,51,Female,High,36,48.45,22.73,South,1744.2,818.28,925.9200000000001,53.08565531475749
1465,Corporate Leadership,Peter Drucker,20,Female,Medium,19,25.58,9.18,North,486.02,174.42,311.6,64.11258795934324
1466,Business Strategy 101,Simon Sinek,54,Male,Medium,48,25.42,24.52,South,1220.16,1176.96,43.200000000000045,3.540519276160507
1467,Corporate Leadership,Clayton Christensen,60,Female,Medium,45,23.62,19.59,North,1062.9,881.55,181.35000000000014,17.061812023708733
1468,Growth Strategy Guide,Peter Drucker,57,Female,High,36,31.66,28.81,South,1139.76,1037.1599999999999,102.60000000000014,9.00189513581808
1469,Growth Strategy Guide,Peter Drucker,43,Male,Medium,30,16.17,6.06,East,485.1,181.79999999999998,303.30000000000007,62.523191094619676
1470,Business Strategy 101,Michael Porter,40,Female,Medium,49,32.15,11.63,North,1575.35,569.87,1005.4799999999999,63.82581648522551
1471,Strategic Thinking,John Maxwell,61,Female,Low,33,31.67,20.04,West,1045.1100000000001,661.3199999999999,383.7900000000002,36.72245026839281
1472,Strategic Thinking,John Maxwell,56,Female,High,18,40.48,12.41,East,728.64,223.38,505.26,69.34288537549406
1473,Business Strategy 101,Clayton Christensen,32,Female,Medium,49,43.35,22.86,West,2124.15,1120.1399999999999,1004.0100000000002,47.26643598615918
1474,Strategic Thinking,John Maxwell,21,Male,High,28,27.62,23.98,East,773.36,671.44,101.91999999999996,13.178855901520631
1475,Strategic Thinking,Simon Sinek,46,Female,Medium,47,22.09,7.56,South,1038.23,355.32,682.9100000000001,65.7763693979176
1476,Growth Strategy Guide,John Maxwell,39,Female,Medium,11,20.37,17.85,North,224.07000000000002,196.35000000000002,27.72,12.371134020618554
1477,Strategic Thinking,Clayton Christensen,42,Male,Medium,45,17.78,17.72,East,800.1,797.4,2.7000000000000455,0.33745781777278405
1478,Competitive Advantage,John Maxwell,30,Female,Low,33,12.31,14.23,South,406.23,469.59000000000003,-63.360000000000014,-15.59707554833469
1479,Market Domination,Simon Sinek,35,Male,Low,17,23.7,28.32,North,402.9,481.44,-78.54000000000002,-19.493670886075957
1480,Corporate Leadership,Michael Porter,50,Female,Low,6,20.81,25.69,North,124.85999999999999,154.14000000000001,-29.28000000000003,-23.450264296011557
1481,Competitive Advantage,Clayton Christensen,33,Male,High,4,48.66,22.43,East,194.64,89.72,104.91999999999999,53.90464447184545
1482,Strategic Thinking,Michael Porter,62,Male,High,20,32.31,22.86,North,646.2,457.2,189.00000000000006,29.24791086350976
1483,Growth Strategy Guide,Michael Porter,59,Male,Low,48,23.89,16.54,East,1146.72,793.92,352.80000000000007,30.76601088321474
1484,Business Strategy 101,Michael Porter,61,Male,High,47,33.22,28.02,North,1561.34,1316.94,244.39999999999986,15.65322095123419
1485,Strategic Thinking,Peter Drucker,19,Female,Medium,27,15.57,22.36,West,420.39,603.72,-183.33000000000004,-43.60950545921645
1486,Growth Strategy Guide,Peter Drucker,52,Male,Medium,15,27.76,23.22,South,416.40000000000003,348.29999999999995,68.10000000000008,16.354466858789642
1487,Market Domination,Michael Porter,59,Female,Medium,6,35.05,26.54,West,210.29999999999998,159.24,51.059999999999974,24.2796005706134
1488,Strategic Thinking,Clayton Christensen,51,Male,Low,47,29.56,11.85,East,1389.32,556.9499999999999,832.37,59.912043301759134
1489,Business Strategy 101,Simon Sinek,47,Male,High,14,26.07,25.18,West,364.98,352.52,12.460000000000036,3.4138856923667147
1490,Growth Strategy Guide,Simon Sinek,30,Male,Low,11,49.75,9.88,East,547.25,108.68,438.57,80.14070351758794
1491,Growth Strategy Guide,John Maxwell,30,Female,High,39,45.21,13.63,North,1763.19,531.57,1231.62,69.85180269851801
1492,Growth Strategy Guide,Clayton Christensen,35,Male,Medium,9,34.94,13.39,North,314.46,120.51,193.95,61.67716084716657
1493,Market Domination,Peter Drucker,49,Female,Low,26,32.78,29.46,East,852.28,765.96,86.31999999999994,10.128126906650389
1494,Strategic Thinking,Michael Porter,49,Female,High,16,34.83,26.41,West,557.28,422.56,134.71999999999997,24.17456215905828
1495,Market Domination,John Maxwell,52,Female,High,5,18.05,22.53,North,90.25,112.65,-22.400000000000006,-24.819944598337955
1496,Corporate Leadership,Simon Sinek,56,Female,Medium,10,25.81,23.18,South,258.09999999999997,231.8,26.299999999999955,10.189848895776814
1497,Corporate Leadership,Peter Drucker,63,Female,Low,3,11.58,19.05,North,34.74,57.150000000000006,-22.410000000000004,-64.5077720207254
1498,Strategic Thinking,Peter Drucker,46,Female,Low,13,29.02,28.68,South,377.26,372.84,4.420000000000016,1.1716057891109621
1499,Market Domination,Michael Porter,46,Female,Low,43,31.72,17.41,West,1363.96,748.63,615.33,45.113493064312735
