Book_ID,Title,Author,Year,Region,Units_Sold,Price,Reader_Age_Group,Reader_Gender,Education_Level,Revenue,Cost,Profit,Profit_Margin
1,Crime Scene Diaries,John Carter,2010,North America,3889,18.69,35-44,Female,Master,72685.41,38216.64377797001,34468.76622202999,47.42185016501935
2,Murder Investigation Files,John Carter,2024,North America,26183,26.62,55+,Female,High School,696991.4600000001,282586.27454886894,414405.18545113114,59.45627876862811
3,Deadly Evidence,John Carter,2017,Europe,14129,29.89,18-24,Female,Master,422315.81,269364.6094602723,152951.2005397277,36.21725659281562
4,The Hidden Truth,Sarah Walker,2021,North America,25326,33.18,35-44,Female,PhD,840316.6799999999,353532.8000285626,486783.87997143733,57.92862281056201
5,Crime Scene Diaries,John Carter,2020,Australia,35698,15.87,18-24,Male,High School,566527.26,307214.4232725948,259312.8367274052,45.772349370691394
6,Justice Denied,David Hunter,2021,North America,27130,19.98,45-54,Female,Bachelor,542057.4,307998.90563731216,234058.49436268787,43.17965115183149
7,Dark Case Chronicles,Michael Reed,2021,Australia,33726,13.81,18-24,Female,High School,465756.06,274110.4531297713,191645.60687022872,41.14720630156239
8,Crime Scene Diaries,Michael Reed,2013,Australia,46663,34.81,45-54,Female,High School,1624339.03,985306.9818331822,639032.0481668179,39.34105112076374
9,Deadly Evidence,John Carter,2013,Australia,33475,33.18,25-34,Female,High School,1110700.5,528673.1289044614,582027.3710955386,52.40182849431855
10,The Hidden Truth,Sarah Walker,2014,Asia,1399,23.5,25-34,Male,PhD,32876.5,13249.020175243453,19627.47982475655,59.70063670024652
11,Murder Investigation Files,Sarah Walker,2017,North America,12153,31.05,55+,Male,Bachelor,377350.65,232837.84086840198,144512.80913159804,38.29669012935264
12,Deadly Evidence,David Hunter,2014,Europe,28461,23.02,35-44,Male,High School,655172.22,367353.08500566107,287819.1349943389,43.93030201957264
13,Deadly Evidence,John Carter,2017,Europe,16905,25.59,55+,Female,Bachelor,432598.95,281550.67214516026,151048.27785483975,34.91646890378253
14,Dark Case Chronicles,Michael Reed,2024,North America,9101,12.23,45-54,Male,PhD,111305.23000000001,71949.53819559558,39355.69180440443,35.35834911297917
15,Cold Case Secrets,Sarah Walker,2019,Asia,34162,28.88,55+,Male,Master,986598.5599999999,644246.7388249531,342351.82117504685,34.700214966363504
16,The Hidden Truth,John Carter,2010,Asia,33782,13.19,18-24,Female,High School,445584.57999999996,243079.04209816782,202505.53790183214,45.4471602006138
17,Serial Killer Mind,Sarah Walker,2021,Australia,21788,30.65,45-54,Male,Bachelor,667802.2,333960.21301669884,333841.9869833011,49.99114812489404
18,Deadly Evidence,Sarah Walker,2024,North America,30045,29.55,25-34,Female,Bachelor,887829.75,565962.5763351436,321867.17366485635,36.2532539222589
19,Cold Case Secrets,Michael Reed,2019,North America,37377,27.72,35-44,Female,PhD,1036090.44,554710.6308413671,481379.8091586329,46.461176609122354
20,Serial Killer Mind,Emily Stone,2018,Europe,46526,10.9,45-54,Female,High School,507133.4,230762.25942966246,276371.14057033753,54.49673410789696
21,The Hidden Truth,David Hunter,2015,North America,15813,17.58,45-54,Male,Master,277992.54,182499.93579957116,95492.60420042882,34.35077941315578
22,Silent Witness Files,David Hunter,2012,Asia,15849,16.58,18-24,Male,Bachelor,262776.42,174685.34545616354,88091.07454383644,33.52320369682959
23,Justice Denied,Michael Reed,2022,North America,7679,19.0,35-44,Female,High School,145901.0,78770.91791918209,67130.08208081791,46.010707315794896
24,Cold Case Secrets,Sarah Walker,2023,Europe,10826,12.19,25-34,Female,Master,131968.94,55784.57983140851,76184.36016859149,57.72900818070637
25,Unsolved Crimes,John Carter,2017,Australia,45055,33.42,45-54,Female,Bachelor,1505738.1,777484.5959285849,728253.5040714152,48.365217302492056
26,Silent Witness Files,Sarah Walker,2018,Europe,2060,23.85,45-54,Male,Bachelor,49131.0,31495.982624117147,17635.017375882853,35.893870216121904
27,Justice Denied,Michael Reed,2015,Europe,14112,17.64,18-24,Female,Master,248935.68000000002,166919.39130074845,82016.28869925157,32.94677914361315
28,Dark Case Chronicles,David Hunter,2020,Australia,18150,19.92,55+,Female,Master,361548.00000000006,166688.74893135627,194859.2510686438,53.89581772507213
29,Crime Scene Diaries,Sarah Walker,2016,Europe,27245,21.18,25-34,Female,PhD,577049.1,242413.75876287965,334635.34123712033,57.99079163924185
30,Murder Investigation Files,David Hunter,2010,Europe,32390,25.01,35-44,Female,High School,810073.9,537245.1709708257,272828.7290291743,33.679486406014846
31,Unsolved Crimes,John Carter,2023,North America,20522,22.89,45-54,Female,High School,469748.58,242776.15713909402,226972.422860906,48.317851830633735
32,Dark Case Chronicles,David Hunter,2014,North America,5280,32.98,45-54,Female,PhD,174134.4,97955.52613684606,76178.87386315393,43.747171071973106
33,The Hidden Truth,David Hunter,2014,Australia,18811,22.42,25-34,Male,Bachelor,421742.62000000005,291179.4315720144,130563.18842798565,30.95802563847724
34,Dark Case Chronicles,Emily Stone,2019,North America,28880,34.8,55+,Female,Master,1005023.9999999999,422079.34473217913,582944.6552678207,58.0030581625733
35,Crime Scene Diaries,Emily Stone,2023,North America,45162,31.29,45-54,Male,Master,1413118.98,840092.7364219013,573026.2435780987,40.55045977643714
36,The Hidden Truth,Emily Stone,2013,Europe,2856,15.21,25-34,Female,Master,43439.76,18341.640531405243,25098.11946859476,57.77683732275399
37,Unsolved Crimes,David Hunter,2015,Asia,5290,33.26,18-24,Female,Bachelor,175945.4,90196.76924198294,85748.63075801705,48.735932146004984
38,Crime Scene Diaries,Michael Reed,2016,North America,27411,12.91,55+,Male,Master,353876.01,226885.60920990646,126990.40079009355,35.88556364419661
39,Serial Killer Mind,David Hunter,2018,Asia,49958,30.44,35-44,Male,Master,1520721.52,806045.7738021826,714675.7461978174,46.995833017330966
40,Murder Investigation Files,Michael Reed,2010,North America,24863,19.52,45-54,Male,PhD,485325.76,339317.78912996146,146007.97087003855,30.0845293829115
41,Unsolved Crimes,Michael Reed,2024,North America,20549,31.95,25-34,Female,Bachelor,656540.5499999999,372729.74712643464,283810.8028735653,43.22822145160193
42,Serial Killer Mind,Emily Stone,2015,Australia,10681,31.7,18-24,Female,High School,338587.7,168057.54637641693,170530.1536235831,50.365135420921405
43,Justice Denied,Sarah Walker,2016,Australia,40325,30.15,35-44,Male,PhD,1215798.75,566602.8224687524,649195.9275312476,53.396660222857406
44,Unsolved Crimes,John Carter,2012,Australia,16582,29.75,25-34,Female,PhD,493314.5,249200.85863333324,244113.64136666676,49.48438397141515
45,Justice Denied,Emily Stone,2017,Asia,1161,17.62,25-34,Female,High School,20456.82,10468.981837592955,9987.838162407044,48.824001787213476
46,The Hidden Truth,Emily Stone,2024,Europe,37912,12.02,35-44,Male,PhD,455702.24,191674.78905723413,264027.45094276586,57.93858966828117
47,Serial Killer Mind,Sarah Walker,2014,North America,48979,20.07,18-24,Male,Bachelor,983008.53,502191.78915133176,480816.74084866827,48.9127740171968
48,Murder Investigation Files,John Carter,2024,North America,3420,14.34,18-24,Female,Master,49042.8,26447.38706276006,22595.412937239944,46.072844407823254
49,Crime Scene Diaries,David Hunter,2018,North America,26158,27.37,55+,Female,Bachelor,715944.4600000001,441609.81092446746,274334.6490755326,38.31786743283587
50,Deadly Evidence,David Hunter,2014,Asia,49270,18.65,45-54,Female,High School,918885.4999999999,548591.9602799471,370293.53972005274,40.29811545835175
51,Dark Case Chronicles,Emily Stone,2018,Australia,14525,34.39,35-44,Male,High School,499514.75,306017.5697241131,193497.1802758869,38.73703034312538
52,Silent Witness Files,John Carter,2019,Europe,9446,26.02,35-44,Male,PhD,245784.91999999998,98930.66806430263,146854.25193569734,59.749089543694275
53,Murder Investigation Files,Emily Stone,2013,Asia,29206,30.56,35-44,Female,Bachelor,892535.36,415296.89925346326,477238.46074653673,53.469978012583915
54,Serial Killer Mind,Michael Reed,2018,Australia,46000,13.31,18-24,Male,Bachelor,612260.0,366440.84672470886,245819.15327529114,40.1494713480043
55,Deadly Evidence,Emily Stone,2014,Asia,39504,31.55,45-54,Male,High School,1246351.2,679506.6989454208,566844.5010545792,45.48031895460759
56,Murder Investigation Files,Emily Stone,2019,Europe,16809,33.07,55+,Male,Bachelor,555873.63,223235.53830230405,332638.09169769596,59.84059572994962
57,Serial Killer Mind,David Hunter,2018,Australia,46786,22.18,25-34,Female,High School,1037713.48,665535.8725117845,372177.60748821544,35.865160727045335
58,Cold Case Secrets,David Hunter,2012,Asia,33620,25.16,25-34,Female,Bachelor,845879.2,534462.7430821515,311416.45691784844,36.815712801289884
59,Cold Case Secrets,David Hunter,2024,Europe,30527,29.12,35-44,Female,Bachelor,888946.24,501833.04186612234,387113.19813387765,43.547425110193124
60,Justice Denied,Michael Reed,2013,North America,7505,14.37,45-54,Female,Bachelor,107846.84999999999,45289.09809764843,62557.75190235156,58.00610022671183
61,Murder Investigation Files,David Hunter,2018,Europe,47304,22.56,18-24,Male,High School,1067178.24,672273.7504481089,394904.4895518911,37.00454851402247
62,Cold Case Secrets,John Carter,2019,North America,49810,19.97,45-54,Female,PhD,994705.7,572069.2498651512,422636.4501348487,42.48859236805909
63,Serial Killer Mind,Sarah Walker,2020,Asia,1456,13.66,45-54,Male,Bachelor,19888.96,12621.295212188666,7267.664787811333,36.54120068526123
64,Justice Denied,John Carter,2015,Australia,35339,19.19,18-24,Female,High School,678155.41,424202.55095334037,253952.85904665967,37.4475902281248
65,Serial Killer Mind,John Carter,2011,Australia,9095,11.7,35-44,Female,High School,106411.5,68199.19649404241,38212.30350595759,35.90993784126489
66,Justice Denied,David Hunter,2016,Asia,48408,10.65,45-54,Female,Bachelor,515545.2,286335.05165885563,229210.14834114438,44.45975800786127
67,Murder Investigation Files,Sarah Walker,2011,Australia,13303,13.38,25-34,Male,Bachelor,177994.14,78690.73858103073,99303.40141896928,55.79026445419455
68,Deadly Evidence,Sarah Walker,2020,Australia,26463,34.08,18-24,Female,PhD,901859.0399999999,542330.4463893094,359528.59361069056,39.865275798609346
69,Crime Scene Diaries,Sarah Walker,2011,North America,36721,23.74,55+,Male,High School,871756.5399999999,510973.2400052828,360783.2999947171,41.38578644844089
70,Unsolved Crimes,Michael Reed,2020,Asia,39943,34.15,35-44,Female,High School,1364053.45,849363.2862317231,514690.1637682768,37.73240438402738
71,Deadly Evidence,David Hunter,2010,Europe,34223,20.81,18-24,Female,Master,712180.63,321168.04057427397,391012.58942572604,54.90356981847794
72,The Hidden Truth,Sarah Walker,2020,North America,39563,17.8,55+,Female,High School,704221.4,322880.2724717185,381341.12752828153,54.150744002991324
73,Serial Killer Mind,Michael Reed,2020,Asia,49189,22.65,55+,Female,PhD,1114130.8499999999,743262.1536802979,370868.69631970196,33.28771448342015
74,The Hidden Truth,Emily Stone,2021,North America,15782,20.99,45-54,Female,Master,331264.18,207037.90612672913,124226.27387327087,37.50066604643788
75,Deadly Evidence,Emily Stone,2020,Europe,5203,12.64,45-54,Male,Master,65765.92,44225.512638875894,21540.407361124104,32.75314533899032
76,Justice Denied,Michael Reed,2012,Europe,7063,26.02,45-54,Female,Master,183779.26,115342.54608225031,68436.7139177497,37.23854036508238
77,Unsolved Crimes,Michael Reed,2015,Asia,26349,15.4,18-24,Male,Bachelor,405774.60000000003,235002.9766278277,170771.62337217233,42.085340820290945
78,Unsolved Crimes,David Hunter,2017,Europe,32360,25.49,18-24,Female,Bachelor,824856.3999999999,491812.23237608746,333044.16762391245,40.3760178891638
79,Silent Witness Files,David Hunter,2018,North America,32085,26.26,35-44,Female,High School,842552.1000000001,561761.8198452886,280790.28015471145,33.32616228179972
80,Unsolved Crimes,Emily Stone,2016,Europe,22515,13.8,45-54,Female,Master,310707.0,178234.59308224247,132472.40691775753,42.635797364641775
81,Crime Scene Diaries,Sarah Walker,2013,North America,12503,11.53,55+,Female,PhD,144159.59,85013.41821042121,59146.17178957879,41.02826027014837
82,Unsolved Crimes,Emily Stone,2015,North America,44085,29.52,25-34,Female,Bachelor,1301389.2,581646.8124775658,719742.3875224341,55.30569851989199
83,Deadly Evidence,Sarah Walker,2014,Europe,27458,21.5,35-44,Male,PhD,590347.0,320072.19115956425,270274.80884043575,45.78236339651692
84,Silent Witness Files,Sarah Walker,2017,Asia,26517,11.45,18-24,Female,PhD,303619.64999999997,186701.53211811863,116918.11788188134,38.50808664125703
85,Deadly Evidence,David Hunter,2010,Australia,11671,34.87,35-44,Male,Bachelor,406967.76999999996,195866.5917194782,211101.17828052177,51.871719050509036
86,Deadly Evidence,John Carter,2010,Europe,45850,11.44,35-44,Female,Bachelor,524524.0,241635.75153563535,282888.2484643647,53.932374584263954
87,Dark Case Chronicles,John Carter,2022,North America,12701,27.38,35-44,Male,Bachelor,347753.38,171841.6519883957,175911.7280116043,50.585195753267534
88,Silent Witness Files,Michael Reed,2024,North America,29926,34.59,35-44,Male,Bachelor,1035140.3400000001,489052.2486512146,546088.0913487854,52.75498116021499
89,Deadly Evidence,David Hunter,2020,Europe,18278,15.98,25-34,Female,Master,292082.44,135664.63822372747,156417.80177627254,53.55262088890812
90,Dark Case Chronicles,Sarah Walker,2015,Asia,45741,13.56,45-54,Male,Master,620247.9600000001,327153.0445779635,293094.9154220366,47.25447471395739
91,Dark Case Chronicles,John Carter,2019,Asia,42729,13.03,55+,Female,Master,556758.87,374337.69153968274,182421.17846031726,32.764844583493975
92,Silent Witness Files,Sarah Walker,2021,North America,21616,17.58,35-44,Male,Master,380009.27999999997,209809.92338227038,170199.3566177296,44.78821059783845
93,The Hidden Truth,John Carter,2011,North America,48864,12.53,35-44,Male,High School,612265.9199999999,279423.5414539932,332842.37854600674,54.36238857554031
94,Justice Denied,John Carter,2014,Asia,33797,27.3,35-44,Female,Master,922658.1,390368.8002674356,532289.2997325644,57.69084991857378
95,Crime Scene Diaries,John Carter,2010,Australia,19842,11.56,45-54,Male,Bachelor,229373.52000000002,139653.34364397504,89720.17635602498,39.115315645862246
96,Justice Denied,David Hunter,2016,Europe,27990,22.74,18-24,Male,PhD,636492.6,327691.61425587116,308800.9857441288,48.51603706690837
97,Unsolved Crimes,Emily Stone,2010,North America,20475,34.92,18-24,Female,Master,714987.0,462274.33290186786,252712.66709813214,35.345071602439226
98,Crime Scene Diaries,Sarah Walker,2013,North America,27223,30.35,25-34,Male,High School,826218.05,493957.1303661135,332260.91963388654,40.2146769407769
99,Unsolved Crimes,David Hunter,2018,Asia,23779,25.38,18-24,Female,Bachelor,603511.02,385566.55499475024,217944.46500524977,36.11275648375895
100,Deadly Evidence,David Hunter,2010,Europe,13265,17.66,35-44,Male,PhD,234259.9,112815.77559986855,121444.12440013145,51.841618817446545
101,Serial Killer Mind,David Hunter,2013,Asia,47178,25.6,35-44,Male,PhD,1207756.8,733963.0789929046,473793.7210070954,39.229232326168265
102,Silent Witness Files,David Hunter,2015,Europe,12061,23.18,35-44,Female,Master,279573.98,133977.0500082566,145596.92999174338,52.07814045918844
103,Crime Scene Diaries,David Hunter,2015,Europe,42399,20.65,25-34,Male,PhD,875539.35,596873.1618310189,278666.1881689811,31.827945616491267
104,Crime Scene Diaries,Michael Reed,2021,Europe,1025,13.27,35-44,Male,Master,13601.75,8037.441165153972,5564.308834846028,40.90877155399877
105,Deadly Evidence,Sarah Walker,2024,North America,23361,32.17,18-24,Male,Master,751523.37,373772.80850176193,377750.56149823806,50.26464599473973
106,The Hidden Truth,David Hunter,2022,Australia,49653,21.24,45-54,Male,Bachelor,1054629.72,507122.45395979343,547507.2660402065,51.91464413123181
107,Dark Case Chronicles,Sarah Walker,2017,Asia,33642,14.87,45-54,Female,Bachelor,500256.54,228756.2978525868,271500.2421474132,54.2722024478507
108,Deadly Evidence,Michael Reed,2010,Australia,27416,19.19,55+,Male,High School,526113.04,320083.1159776282,206029.92402237182,39.16077123318818
109,Cold Case Secrets,Michael Reed,2016,Asia,45465,20.35,18-24,Female,Bachelor,925212.7500000001,430792.6421309245,494420.1078690756,53.43853161006218
110,Dark Case Chronicles,Sarah Walker,2010,Europe,5148,30.69,35-44,Female,Bachelor,157992.12,91412.81550804232,66579.30449195768,42.14090202217534
111,Silent Witness Files,John Carter,2022,North America,35633,28.34,45-54,Female,Master,1009839.22,484107.3367524945,525731.8832475054,52.06094919223928
112,Dark Case Chronicles,Emily Stone,2023,Australia,31023,29.23,18-24,Female,Bachelor,906802.29,542803.4025143891,363998.8874856109,40.14093165618394
113,The Hidden Truth,John Carter,2016,North America,29552,10.28,45-54,Male,Master,303794.56,195790.10087754775,108004.45912245224,35.55180814378382
114,Dark Case Chronicles,John Carter,2012,Asia,34914,20.4,35-44,Female,Master,712245.6,451141.75683561276,261103.84316438722,36.65924270566041
115,Silent Witness Files,John Carter,2020,North America,33281,22.03,45-54,Male,Bachelor,733180.43,460624.56379337085,272555.8662066292,37.174460072076556
116,The Hidden Truth,David Hunter,2017,North America,5099,10.48,55+,Female,High School,53437.520000000004,24384.43394258835,29053.086057411652,54.36832782923244
117,Justice Denied,Michael Reed,2012,Australia,35546,16.5,55+,Female,High School,586509.0,250155.17006128293,336353.82993871707,57.348451590464435
118,Crime Scene Diaries,John Carter,2023,Europe,47564,29.01,45-54,Male,PhD,1379831.6400000001,841262.1684863484,538569.4715136518,39.03153514537844
119,Crime Scene Diaries,Michael Reed,2023,North America,36423,13.43,18-24,Female,PhD,489160.89,249718.67127859953,239442.21872140048,48.94958358616947
120,Unsolved Crimes,Sarah Walker,2022,Europe,41589,23.38,18-24,Female,Bachelor,972350.82,515057.99033016013,457292.8296698398,47.02961320789958
121,Justice Denied,Emily Stone,2010,Asia,4314,15.38,18-24,Male,High School,66349.32,27159.744337637523,39189.575662362484,59.06552721619826
122,Justice Denied,Sarah Walker,2022,North America,46393,10.3,45-54,Male,Master,477847.9,228350.57835266163,249497.3216473384,52.21270652174853
123,Dark Case Chronicles,Sarah Walker,2022,Australia,36484,16.03,18-24,Female,PhD,584838.52,239843.98546025914,344994.5345397409,58.98970788376609
124,Crime Scene Diaries,David Hunter,2023,Asia,27116,34.4,35-44,Female,Master,932790.3999999999,619144.974549708,313645.42545029195,33.62442682196257
125,Silent Witness Files,Emily Stone,2017,Asia,2613,30.04,55+,Female,PhD,78494.52,37129.399745649185,41365.12025435082,52.698099503444084
126,Murder Investigation Files,Sarah Walker,2012,Australia,43506,33.99,35-44,Female,Bachelor,1478768.9400000002,838759.4446416233,640009.4953583769,43.279884912809756
127,Murder Investigation Files,Sarah Walker,2011,North America,14260,22.2,18-24,Female,High School,316572.0,130330.7284501006,186241.2715498994,58.83062038016609
128,The Hidden Truth,Emily Stone,2010,North America,22427,12.74,35-44,Female,PhD,285719.98,171447.4789920714,114272.50100792857,39.99457826083027
129,Crime Scene Diaries,Emily Stone,2023,Asia,21439,23.7,18-24,Male,High School,508104.3,252481.19501857256,255623.10498142743,50.309179627377176
130,Crime Scene Diaries,Sarah Walker,2012,North America,32919,21.36,45-54,Male,Master,703149.84,470671.4557926638,232478.38420733617,33.06242439127003
131,Murder Investigation Files,Emily Stone,2024,Europe,13088,31.11,35-44,Female,Bachelor,407167.68,271350.9787662219,135816.7012337781,33.356454331978924
132,Crime Scene Diaries,Sarah Walker,2011,Australia,36642,12.45,45-54,Female,High School,456192.89999999997,226995.74115997166,229197.1588400283,50.241281449147564
133,Dark Case Chronicles,Sarah Walker,2011,Europe,39698,22.21,45-54,Male,Bachelor,881692.5800000001,590988.1929801318,290704.38701986824,32.97117312928597
134,Cold Case Secrets,David Hunter,2015,North America,45238,13.75,25-34,Male,High School,622022.5,434698.74593916826,187323.75406083174,30.11526979503663
135,Serial Killer Mind,John Carter,2021,Asia,33897,18.12,18-24,Female,Master,614213.64,397779.9238723762,216433.7161276238,35.23753007628157
136,Justice Denied,Sarah Walker,2010,Australia,17153,28.43,55+,Female,Master,487659.79,318666.85120699956,168992.93879300042,34.65385956734313
137,Unsolved Crimes,Michael Reed,2011,North America,11331,21.9,18-24,Female,Bachelor,248148.9,117796.93318675828,130351.96681324171,52.529737916727306
138,The Hidden Truth,John Carter,2023,North America,6224,19.4,55+,Female,Master,120745.59999999999,69188.52315145572,51557.07684854427,42.69892803426731
139,Cold Case Secrets,John Carter,2015,Asia,11583,19.86,18-24,Male,PhD,230038.38,96656.78444834182,133381.5955516582,57.98232258097896
140,Murder Investigation Files,John Carter,2012,Asia,46417,21.49,45-54,Male,High School,997501.33,427404.76246614143,570096.5675338586,57.152461895349916
141,Justice Denied,David Hunter,2024,Europe,20316,29.63,35-44,Male,Master,601963.08,421174.1739986414,180788.90600135858,30.033221639001283
142,Crime Scene Diaries,Sarah Walker,2013,Australia,42740,32.3,35-44,Male,PhD,1380501.9999999998,687478.6411332906,693023.3588667092,50.20082251722266
143,Unsolved Crimes,David Hunter,2010,Australia,6776,33.88,25-34,Female,Bachelor,229570.88,143356.72372726887,86214.15627273114,37.554482638534616
144,Crime Scene Diaries,Sarah Walker,2017,Asia,48903,29.67,55+,Female,PhD,1450952.01,931510.4880258047,519441.52197419526,35.800048409195504
145,Silent Witness Files,David Hunter,2022,Europe,39163,17.89,55+,Female,Bachelor,700626.0700000001,460596.46970030194,240029.60029969813,34.25930186978314
146,Silent Witness Files,David Hunter,2016,Australia,14494,27.2,55+,Female,Bachelor,394236.8,275685.2562671823,118551.54373281769,30.071151077935315
147,Unsolved Crimes,Michael Reed,2016,Asia,23999,20.94,45-54,Male,High School,502539.06000000006,237424.04900828708,265115.010991713,52.75510544229397
148,Unsolved Crimes,David Hunter,2012,North America,23540,16.37,55+,Female,High School,385349.80000000005,158804.674918066,226545.12508193403,58.789475194209004
149,Murder Investigation Files,Emily Stone,2019,Australia,43820,31.02,35-44,Female,PhD,1359296.4,711397.9050361727,647898.4949638272,47.66425446016242
150,Unsolved Crimes,Michael Reed,2019,Europe,17459,10.96,45-54,Female,High School,191350.64,84007.56182701932,107343.07817298069,56.09757990513159
151,Dark Case Chronicles,David Hunter,2012,Europe,6599,32.54,18-24,Male,High School,214731.46,87337.24717646989,127394.2128235301,59.32722332513835
152,Crime Scene Diaries,John Carter,2023,Europe,42767,21.54,55+,Female,High School,921201.1799999999,468088.15753991785,453113.0224600821,49.187195185755414
153,Cold Case Secrets,Emily Stone,2011,North America,20076,25.93,55+,Female,PhD,520570.68,330625.61829127395,189945.06170872605,36.48785246774291
154,Deadly Evidence,Emily Stone,2021,Australia,36446,26.48,18-24,Male,Master,965090.08,549960.6425766576,415129.4374233424,43.01457926324788
155,Unsolved Crimes,Emily Stone,2010,Australia,6616,32.38,55+,Male,High School,214226.08000000002,105791.99276164494,108434.08723835507,50.61666032368938
156,The Hidden Truth,Michael Reed,2016,North America,16063,25.92,18-24,Female,High School,416352.96,248272.35325176903,168080.606748231,40.36973983521841
157,Silent Witness Files,David Hunter,2016,Australia,27288,25.35,45-54,Female,PhD,691750.8,324849.94855294924,366900.8514470508,53.03945459073568
158,Dark Case Chronicles,David Hunter,2021,North America,27428,11.67,35-44,Male,Master,320084.76,129414.88851433089,190669.8714856691,59.568556617837444
159,Justice Denied,John Carter,2011,North America,36836,22.96,18-24,Female,High School,845754.56,532238.4326090151,313516.1273909849,37.06939840690719
160,Deadly Evidence,John Carter,2016,North America,10347,13.75,25-34,Male,Bachelor,142271.25,83530.7125087376,58740.537491262396,41.28770745407972
161,Cold Case Secrets,Emily Stone,2022,Europe,26655,28.44,18-24,Female,PhD,758068.2000000001,476590.4935232156,281477.7064767845,37.13092126497121
162,Deadly Evidence,John Carter,2017,Australia,14635,22.81,55+,Male,High School,333824.35,137429.27743331474,196395.07256668524,58.83185949937003
163,Unsolved Crimes,Michael Reed,2010,North America,18274,27.01,45-54,Female,High School,493580.74000000005,321388.1336119534,172192.60638804664,34.88641116508043
164,Murder Investigation Files,David Hunter,2018,Australia,2242,11.04,45-54,Male,Bachelor,24751.679999999997,14500.96627647437,10250.713723525627,41.414213998910895
165,Silent Witness Files,Emily Stone,2016,Europe,18809,12.12,18-24,Male,Bachelor,227965.08,129716.3718590505,98248.70814094949,43.0981394786208
166,Silent Witness Files,John Carter,2012,North America,1119,27.91,35-44,Male,PhD,31231.29,18344.766742421667,12886.523257578334,41.261578556564054
167,Justice Denied,Michael Reed,2017,Asia,18158,11.8,25-34,Male,PhD,214264.40000000002,141270.9412940906,72993.45870590943,34.06700259394908
168,Murder Investigation Files,Michael Reed,2016,Europe,35207,11.78,45-54,Female,Bachelor,414738.45999999996,238922.92685440625,175815.5331455937,42.39190480323279
169,Crime Scene Diaries,John Carter,2020,Asia,20837,10.3,55+,Male,PhD,214621.1,123253.70287310568,91367.39712689433,42.571488603354624
170,Serial Killer Mind,David Hunter,2024,Australia,16501,33.91,55+,Female,Bachelor,559548.9099999999,390119.5967487603,169429.3132512396,30.279625288027034
171,Dark Case Chronicles,John Carter,2022,Australia,1468,28.44,35-44,Male,High School,41749.92,26177.995181009803,15571.924818990195,37.29809498794296
172,Silent Witness Files,Emily Stone,2017,Europe,48114,18.83,45-54,Male,Bachelor,905986.6199999999,482608.32895428344,423378.29104571644,46.73118583646594
173,The Hidden Truth,John Carter,2015,Australia,26392,17.41,18-24,Male,Bachelor,459484.72000000003,281305.32174669096,178179.39825330907,38.77808999901217
174,Silent Witness Files,Michael Reed,2018,Asia,26119,18.74,55+,Male,Master,489470.05999999994,252943.02269984235,236527.0373001576,48.32308584924635
175,Deadly Evidence,John Carter,2024,North America,781,29.37,35-44,Male,Bachelor,22937.97,10750.169547654788,12187.800452345213,53.133736125495034
176,Silent Witness Files,David Hunter,2014,North America,27920,26.53,45-54,Female,Bachelor,740717.6,428916.64694113896,311800.953058861,42.09444369336722
177,Silent Witness Files,Sarah Walker,2012,North America,15860,14.63,45-54,Female,Master,232031.80000000002,157423.04888594704,74608.75111405298,32.154537056581454
178,Serial Killer Mind,John Carter,2012,Europe,39530,14.35,45-54,Female,PhD,567255.5,385020.05089883937,182235.44910116063,32.125814399536125
179,Serial Killer Mind,David Hunter,2010,Australia,1558,12.46,45-54,Female,Master,19412.68,9756.261326251866,9656.418673748134,49.742841656835296
180,Cold Case Secrets,David Hunter,2021,Asia,21177,26.51,45-54,Female,High School,561402.27,313432.7062094123,247969.5637905877,44.16967601334916
181,Crime Scene Diaries,Michael Reed,2024,Australia,11224,29.11,55+,Male,Master,326730.64,151436.63577601177,175294.00422398825,53.65092304290416
182,The Hidden Truth,David Hunter,2017,Australia,28904,16.63,35-44,Female,High School,480673.51999999996,335841.46100730007,144832.0589926999,30.131066715033505
183,Silent Witness Files,David Hunter,2011,Australia,38446,10.52,45-54,Female,PhD,404451.92,280825.2744750709,123626.6455249291,30.566462763961933
184,Silent Witness Files,David Hunter,2012,North America,40248,12.05,25-34,Female,Master,484988.4,288496.6489813582,196491.7510186418,40.51473210877658
185,Dark Case Chronicles,David Hunter,2017,Asia,30356,34.2,25-34,Female,Master,1038175.2000000001,665806.8981865419,372368.3018134582,35.867578209675806
186,Serial Killer Mind,Emily Stone,2023,Asia,9700,17.39,35-44,Male,PhD,168683.0,103660.7721517455,65022.22784825449,38.546995161489
187,The Hidden Truth,Emily Stone,2017,Australia,34497,29.23,18-24,Female,High School,1008347.31,582771.7723718516,425575.53762814845,42.20525342881595
188,Justice Denied,Michael Reed,2023,North America,26111,25.62,18-24,Female,Master,668963.8200000001,278291.89195651247,390671.9280434876,58.39956009033307
189,Cold Case Secrets,John Carter,2020,North America,41735,19.55,18-24,Female,High School,815919.25,437682.99439069314,378236.25560930686,46.35706972342016
190,Crime Scene Diaries,David Hunter,2013,Asia,35557,15.14,25-34,Female,Master,538332.98,324311.10827268875,214021.87172731123,39.75641093497769
191,Murder Investigation Files,John Carter,2013,North America,1739,13.03,18-24,Male,Bachelor,22659.17,13669.35920580943,8989.81079419057,39.674051583489465
192,Crime Scene Diaries,John Carter,2014,North America,38638,25.38,55+,Male,Master,980632.44,502021.81911681924,478610.6208831807,48.80632144732849
193,Deadly Evidence,Michael Reed,2015,North America,49438,29.37,45-54,Female,PhD,1451994.06,990996.9752931179,460997.08470688213,31.749240400259083
194,Silent Witness Files,David Hunter,2014,Europe,625,26.1,25-34,Female,PhD,16312.5,7344.003476508748,8968.496523491252,54.979289032896574
195,Cold Case Secrets,David Hunter,2023,Australia,45772,23.26,35-44,Male,High School,1064656.72,585676.0020486625,478980.71795133746,44.98921661353318
196,Deadly Evidence,Sarah Walker,2024,Asia,24357,11.05,35-44,Male,Master,269144.85000000003,163442.29927085244,105702.5507291476,39.273480703475315
197,The Hidden Truth,John Carter,2016,Asia,15898,34.21,45-54,Male,High School,543870.58,331293.72852674365,212576.8514732563,39.08592582324573
198,Murder Investigation Files,John Carter,2011,Europe,7138,29.97,25-34,Male,High School,213925.86,127198.5379968815,86727.32200311849,40.540831296935536
199,Serial Killer Mind,Emily Stone,2016,Australia,7070,17.32,18-24,Female,Bachelor,122452.40000000001,59093.870728667775,63358.529271332234,51.74135359644419
200,Cold Case Secrets,Sarah Walker,2019,Asia,3749,34.5,18-24,Female,Bachelor,129340.5,57797.350709163606,71543.14929083639,55.313802939401334
201,Cold Case Secrets,Emily Stone,2016,North America,9610,25.05,55+,Male,PhD,240730.5,142219.26985414728,98511.23014585272,40.92179019519867
202,Silent Witness Files,Emily Stone,2010,Asia,40863,24.56,55+,Male,High School,1003595.2799999999,581875.1445154655,421720.13548453443,42.02093651581686
203,Unsolved Crimes,Emily Stone,2016,North America,14105,28.7,18-24,Male,PhD,404813.5,183707.1202813671,221106.3797186329,54.619319691322765
204,Cold Case Secrets,Michael Reed,2014,Europe,12615,30.29,35-44,Male,Master,382108.35,233675.2066303133,148433.14336968667,38.845825632883106
205,Dark Case Chronicles,Michael Reed,2012,North America,39562,26.41,35-44,Female,High School,1044832.42,560606.5040917889,484225.91590821114,46.344840247990305
206,Murder Investigation Files,Emily Stone,2022,Asia,23411,13.2,55+,Female,High School,309025.2,185516.5351116848,123508.66488831522,39.96718225190541
207,Murder Investigation Files,Sarah Walker,2012,Asia,39025,18.46,45-54,Female,Master,720401.5,469132.75009511085,251268.74990488915,34.87898760689548
208,Dark Case Chronicles,John Carter,2013,Asia,33056,33.2,18-24,Male,Master,1097459.2000000002,494864.6876329863,602594.5123670138,54.9081471426923
209,Justice Denied,Sarah Walker,2022,Europe,13095,15.62,55+,Female,PhD,204543.9,82992.34978951745,121551.55021048254,59.42565396009489
210,Dark Case Chronicles,David Hunter,2021,Europe,2469,19.3,55+,Female,PhD,47651.700000000004,30198.34881484684,17453.351185153166,36.6269224081264
211,Dark Case Chronicles,Michael Reed,2011,Australia,44253,20.8,18-24,Female,Master,920462.4,536546.0265689392,383916.3734310608,41.70907724542152
212,Murder Investigation Files,John Carter,2011,Asia,17775,20.99,18-24,Female,PhD,373097.25,227548.97982515913,145548.27017484087,39.01081291133635
213,Crime Scene Diaries,John Carter,2010,North America,4970,25.32,35-44,Male,Master,125840.4,81978.28719436823,43862.11280563177,34.855350750340726
214,Murder Investigation Files,David Hunter,2024,Europe,10725,33.58,45-54,Male,High School,360145.5,230796.82365835115,129348.67634164885,35.91567195526498
215,Unsolved Crimes,David Hunter,2014,Asia,42824,16.02,45-54,Male,High School,686040.48,472185.2276522164,213855.2523477836,31.17239559213526
216,Silent Witness Files,Emily Stone,2013,Asia,42474,13.04,18-24,Male,Bachelor,553860.96,310594.439181213,243266.520818787,43.92194763443645
217,Deadly Evidence,Michael Reed,2020,Europe,43259,14.94,25-34,Male,High School,646289.46,353228.6575932385,293060.80240676145,45.34513102020284
218,Crime Scene Diaries,Michael Reed,2019,Australia,23696,32.17,55+,Female,Master,762300.3200000001,396827.75032418227,365472.5696758178,47.9433840032781
219,Serial Killer Mind,Sarah Walker,2024,Europe,40787,26.15,55+,Female,PhD,1066580.05,475809.1600483972,590770.8899516028,55.389268714673854
220,Deadly Evidence,Emily Stone,2011,Europe,14169,17.15,18-24,Female,Bachelor,242998.34999999998,138942.12383651914,104056.22616348084,42.821783013539324
221,Silent Witness Files,Emily Stone,2012,North America,37880,30.4,25-34,Male,PhD,1151552.0,556319.0979237888,595232.9020762112,51.689624270220634
222,Unsolved Crimes,Emily Stone,2016,North America,45641,31.53,35-44,Female,Master,1439060.73,973369.5303239063,465691.19967609365,32.36077463361075
223,Unsolved Crimes,Emily Stone,2016,Australia,48820,31.16,18-24,Female,High School,1521231.2,874642.8941058243,646588.3058941757,42.50427587168707
224,Serial Killer Mind,Michael Reed,2021,Asia,47914,32.97,18-24,Female,Bachelor,1579724.5799999998,912847.0935480894,666877.4864519105,42.214794584756696
225,Crime Scene Diaries,Michael Reed,2013,Europe,38506,16.31,55+,Female,Master,628032.86,318084.4489565356,309948.4110434644,49.3522601736897
226,Justice Denied,Emily Stone,2014,Australia,16077,28.88,18-24,Female,Bachelor,464303.76,192963.15948096392,271340.60051903606,58.440319440668766
227,Dark Case Chronicles,Sarah Walker,2014,North America,22973,21.51,18-24,Female,Bachelor,494149.23000000004,202365.53916490893,291783.6908350911,59.04768703881034
228,Crime Scene Diaries,John Carter,2015,Europe,29125,31.05,18-24,Male,High School,904331.25,476583.0600242974,427748.1899757026,47.299945675404075
229,Justice Denied,John Carter,2023,Asia,16004,28.21,55+,Male,Master,451472.84,192042.82742457013,259430.0125754299,57.46303865708286
230,Unsolved Crimes,Sarah Walker,2018,North America,24589,29.41,35-44,Male,PhD,723162.49,420919.68262519786,302242.8073748021,41.79459133379583
231,Murder Investigation Files,Emily Stone,2011,North America,36987,26.4,35-44,Male,Bachelor,976456.7999999999,648652.3445919845,327804.4554080154,33.570809830810276
232,Silent Witness Files,Michael Reed,2014,North America,802,14.44,18-24,Male,Bachelor,11580.88,7699.831162097601,3881.048837902398,33.51255550443833
233,Serial Killer Mind,John Carter,2021,Australia,31963,23.63,55+,Female,PhD,755285.69,451444.5461999168,303841.14380008314,40.228637696033026
234,Silent Witness Files,David Hunter,2012,Asia,45412,34.62,35-44,Female,Master,1572163.44,728492.664841795,843670.775158205,53.66304505581208
235,The Hidden Truth,David Hunter,2013,Europe,29759,33.43,35-44,Female,Bachelor,994843.37,655501.3508025145,339342.0191974855,34.11009505923385
236,The Hidden Truth,Sarah Walker,2019,Australia,43323,11.08,35-44,Male,Bachelor,480018.84,319609.9988851984,160408.84111480165,33.41719694060375
237,Crime Scene Diaries,Emily Stone,2015,Australia,37708,14.12,55+,Female,Bachelor,532436.96,244386.4750836365,288050.4849163635,54.10039245141125
238,Unsolved Crimes,John Carter,2021,Australia,31159,13.29,55+,Female,Master,414103.11,257252.37465382923,156850.73534617075,37.87721742687969
239,Unsolved Crimes,Emily Stone,2017,North America,36340,28.15,18-24,Male,Master,1022971.0,497118.75684565835,525852.2431543416,51.40441353218631
240,Dark Case Chronicles,John Carter,2010,Asia,32390,30.44,45-54,Female,PhD,985951.6000000001,631789.9900566613,354161.6099433388,35.92079062941211
241,Dark Case Chronicles,Sarah Walker,2019,Australia,14098,15.34,35-44,Male,Master,216263.32,151205.12171889422,65058.19828110578,30.08286300289193
242,Dark Case Chronicles,Sarah Walker,2023,Europe,47555,22.65,45-54,Male,Master,1077120.75,440550.79001396993,636569.9599860301,59.09921984011821
243,Murder Investigation Files,David Hunter,2017,Asia,47233,31.02,55+,Female,High School,1465167.66,980504.4977234321,484663.1622765678,33.07902402627204
244,Deadly Evidence,Emily Stone,2020,Europe,20008,28.32,55+,Male,PhD,566626.56,332490.3232211916,234136.23677880847,41.32108399204027
245,Cold Case Secrets,David Hunter,2023,Asia,42787,23.56,55+,Female,Bachelor,1008061.72,697593.6151880183,310468.10481198167,30.79852142505537
246,Deadly Evidence,Emily Stone,2016,Europe,13880,24.76,45-54,Female,Master,343668.80000000005,185410.29886306592,158258.50113693412,46.04971447420717
247,Silent Witness Files,David Hunter,2010,North America,27484,22.71,55+,Female,Bachelor,624161.64,408336.7681384904,215824.87186150963,34.578362082858796
248,Deadly Evidence,Michael Reed,2011,Australia,45133,17.44,18-24,Male,Bachelor,787119.52,329581.28479777696,457538.23520222306,58.128177942051686
249,Murder Investigation Files,Michael Reed,2012,Europe,8625,24.13,55+,Male,High School,208121.25,104182.10850033225,103939.14149966775,49.94162849765113
250,Silent Witness Files,Michael Reed,2010,Asia,36559,27.22,25-34,Male,Master,995135.98,418061.5623913772,577074.4176086227,57.98950386746369
251,Deadly Evidence,Michael Reed,2023,Australia,4533,31.83,45-54,Female,PhD,144285.38999999998,99932.4853193549,44352.90468064508,30.73970599562789
252,Murder Investigation Files,John Carter,2018,Australia,38373,25.91,25-34,Female,Master,994244.43,641379.2990281081,352865.1309718919,35.49078278184489
253,Cold Case Secrets,Michael Reed,2017,Asia,17587,29.03,55+,Male,Bachelor,510550.61000000004,334800.82579131715,175749.7842086829,34.4235773626209
254,Deadly Evidence,Sarah Walker,2011,Europe,41401,14.0,18-24,Female,PhD,579614.0,394942.9338956975,184671.06610430247,31.861043056983178
255,Murder Investigation Files,Sarah Walker,2022,North America,6204,21.54,35-44,Female,Master,133634.16,56865.483864206755,76768.67613579324,57.44689541640643
256,Dark Case Chronicles,John Carter,2018,North America,8348,10.23,55+,Male,Bachelor,85400.04000000001,44039.03094736271,41361.009052637295,48.432072224600006
257,Unsolved Crimes,Michael Reed,2016,Europe,22092,16.17,18-24,Female,Bachelor,357227.64,150503.74373125524,206723.89626874478,57.86895332867993
258,Dark Case Chronicles,Michael Reed,2018,Australia,46243,28.16,45-54,Female,High School,1302202.8800000001,603229.767176774,698973.1128232261,53.67620695349914
259,Unsolved Crimes,Michael Reed,2015,Australia,7424,34.8,25-34,Male,High School,258355.19999999998,121119.43235991696,137235.76764008304,53.119026688869845
260,Serial Killer Mind,David Hunter,2015,Australia,27708,12.48,25-34,Male,High School,345795.84,186982.93262827647,158812.90737172356,45.92678366857263
261,Serial Killer Mind,Emily Stone,2020,Australia,20114,20.04,25-34,Female,Bachelor,403084.56,193709.80293020935,209374.75706979065,51.94313497639072
262,Serial Killer Mind,David Hunter,2023,Europe,988,30.0,45-54,Female,Master,29640.0,12753.897325823531,16886.10267417647,56.970656795467164
263,Cold Case Secrets,Emily Stone,2013,Australia,40382,15.1,18-24,Female,High School,609768.2,274546.5019738861,335221.69802611385,54.975267327176766
264,Dark Case Chronicles,Michael Reed,2019,Asia,26423,23.88,45-54,Female,Master,630981.24,280270.93131353916,350710.30868646083,55.58173309343727
265,Unsolved Crimes,Michael Reed,2019,Australia,49008,28.33,25-34,Male,High School,1388396.64,960663.6230050181,427733.0169949818,30.807696062631052
266,Murder Investigation Files,David Hunter,2022,North America,36441,25.4,55+,Male,PhD,925601.3999999999,581081.2222239745,344520.1777760254,37.2212247924458
267,Silent Witness Files,David Hunter,2022,Australia,29665,14.7,35-44,Female,PhD,436075.5,301035.319454447,135040.18054555298,30.967156041913153
268,Murder Investigation Files,Emily Stone,2011,Europe,2167,18.88,45-54,Male,High School,40912.96,21762.509480463577,19150.45051953642,46.807785404762754
269,Silent Witness Files,Sarah Walker,2016,North America,26713,29.59,45-54,Male,Bachelor,790437.67,382184.94821406045,408252.7217859396,51.648945550120295
270,The Hidden Truth,Emily Stone,2014,Europe,4614,23.86,18-24,Female,High School,110090.04,70401.25500374618,39688.78499625382,36.05120408372439
271,Murder Investigation Files,David Hunter,2020,Europe,36821,10.13,18-24,Female,High School,372996.73000000004,185706.18537371073,187290.5446262893,50.2123824587656
272,Deadly Evidence,David Hunter,2015,North America,8261,29.02,45-54,Female,Bachelor,239734.22,117425.41987286606,122308.80012713395,51.01849878883955
273,Deadly Evidence,John Carter,2011,Europe,31616,10.88,25-34,Female,PhD,343982.08,161586.2004436341,182395.87955636592,53.024820233765055
274,Crime Scene Diaries,David Hunter,2014,Europe,34268,28.64,35-44,Male,Master,981435.52,430755.6746279713,550679.8453720286,56.10963065327294
275,Dark Case Chronicles,John Carter,2019,Australia,48906,15.06,18-24,Female,High School,736524.36,351277.13156370434,385247.22843629564,52.30610816949702
276,Silent Witness Files,Sarah Walker,2013,Asia,25926,33.95,25-34,Male,Bachelor,880187.7000000001,445899.5016521429,434288.19834785716,49.34040754578338
277,Silent Witness Files,Emily Stone,2018,Europe,18272,19.2,55+,Female,High School,350822.39999999997,211264.63970633538,139557.76029366459,39.78017375562809
278,Dark Case Chronicles,Emily Stone,2015,Europe,38718,18.17,18-24,Female,Bachelor,703506.06,294606.8476932984,408899.21230670164,58.12305473341646
279,Cold Case Secrets,John Carter,2011,Europe,4212,13.72,25-34,Female,Master,57788.64,26764.928926146666,31023.711073853334,53.68479181003971
280,Crime Scene Diaries,Emily Stone,2010,Australia,1867,17.64,25-34,Female,Master,32933.880000000005,21166.838245958774,11767.04175404123,35.72929079124971
281,Cold Case Secrets,David Hunter,2014,Asia,41457,31.92,35-44,Female,PhD,1323307.4400000002,587649.8383732548,735657.6016267454,55.592342292486876
282,Cold Case Secrets,Michael Reed,2018,North America,42281,34.91,35-44,Male,Bachelor,1476029.71,742138.2088763635,733891.5011236365,49.72064560432435
283,Cold Case Secrets,John Carter,2015,Australia,26700,19.21,55+,Female,Bachelor,512907.0,338209.6840900479,174697.3159099521,34.0602323442558
284,Dark Case Chronicles,Emily Stone,2019,Australia,4226,21.22,25-34,Female,PhD,89675.72,40038.199646903675,49637.520353096326,55.35224066569672
285,Cold Case Secrets,John Carter,2021,Asia,24116,28.05,25-34,Male,PhD,676453.8,287371.81405617,389081.98594383005,57.51789493145431
286,Deadly Evidence,John Carter,2016,Asia,28223,32.15,35-44,Female,Bachelor,907369.45,494844.2722299556,412525.17777004436,45.463860147599675
287,Serial Killer Mind,Michael Reed,2014,Australia,38074,24.83,18-24,Female,PhD,945377.4199999999,463921.141199049,481456.2788009509,50.92741466164391
288,The Hidden Truth,David Hunter,2019,North America,35458,19.79,18-24,Male,Master,701713.82,399290.9586985752,302422.86130142474,43.09774906548438
289,Silent Witness Files,John Carter,2015,Australia,9608,20.32,45-54,Female,High School,195234.56,125172.97223581682,70061.58776418318,35.88585328549575
290,Silent Witness Files,Emily Stone,2014,Asia,12678,27.39,35-44,Female,Master,347250.42,153187.62903402152,194062.79096597846,55.88554535541771
291,The Hidden Truth,Sarah Walker,2020,North America,36143,10.08,45-54,Female,PhD,364321.44,209196.91400744964,155124.52599255036,42.57902746337145
292,Dark Case Chronicles,John Carter,2018,Asia,31824,25.49,35-44,Female,Bachelor,811193.7599999999,447497.16961607774,363696.59038392216,44.83473718830409
293,Murder Investigation Files,John Carter,2024,North America,38860,18.89,55+,Female,Bachelor,734065.4,325355.13550588815,408710.2644941119,55.67763641960401
294,Dark Case Chronicles,Michael Reed,2015,Europe,18324,29.85,25-34,Female,Master,546971.4,321181.35756830015,225790.04243169987,41.280045434130535
295,Silent Witness Files,David Hunter,2020,Asia,45860,12.32,55+,Female,Bachelor,564995.2000000001,272379.7367851991,292615.463214801,51.79078746417686
296,Silent Witness Files,Sarah Walker,2017,Asia,9427,24.71,35-44,Male,PhD,232941.17,127267.47707833849,105673.69292166152,45.36497044367963
297,The Hidden Truth,Emily Stone,2011,Australia,28644,22.02,25-34,Female,Master,630740.88,267864.10746424785,362876.77253575216,57.531830271688136
298,Cold Case Secrets,Sarah Walker,2021,Asia,31510,26.06,18-24,Female,Bachelor,821150.6,441676.55729942024,379474.04270057974,46.21247828359131
299,Dark Case Chronicles,Emily Stone,2022,Asia,22943,11.62,18-24,Male,High School,266597.66,131149.7970367102,135447.86296328978,50.80609595871539
300,Unsolved Crimes,David Hunter,2018,Europe,14937,24.5,45-54,Female,High School,365956.5,236669.32491334592,129287.17508665408,35.32856366443938
301,The Hidden Truth,Emily Stone,2014,Asia,44798,24.04,35-44,Female,PhD,1076943.92,449186.4360827467,627757.4839172532,58.290638190078944
302,Deadly Evidence,Michael Reed,2016,Europe,40278,24.02,35-44,Male,Bachelor,967477.5599999999,508488.96748087043,458988.5925191295,47.441781752450105
303,Silent Witness Files,Michael Reed,2019,Europe,11707,25.09,18-24,Female,PhD,293728.63,157887.78224772288,135840.84775227713,46.24705727605686
304,The Hidden Truth,Michael Reed,2022,Europe,26037,26.91,55+,Female,Master,700655.67,432656.15344302903,267999.516556971,38.249817711026445
305,Dark Case Chronicles,Michael Reed,2010,Europe,36257,30.12,25-34,Female,High School,1092060.84,624971.4274963738,467089.4125036263,42.77137274729367
306,Silent Witness Files,Sarah Walker,2019,North America,12540,16.75,55+,Male,Master,210045.0,126061.38460978551,83983.61539021449,39.983629884174576
307,Murder Investigation Files,David Hunter,2014,Australia,42486,30.63,55+,Male,Bachelor,1301346.18,823901.5078663924,477444.67213360756,36.688521430447324
308,The Hidden Truth,Emily Stone,2021,North America,23112,22.46,18-24,Male,PhD,519095.52,341907.9182869931,177187.6017130069,34.13391079025435
309,Crime Scene Diaries,Emily Stone,2023,Asia,28941,11.93,18-24,Female,PhD,345266.13,170617.62541655853,174648.50458344148,50.58373509832589
310,Silent Witness Files,Michael Reed,2019,North America,6971,11.46,18-24,Male,PhD,79887.66,44849.476487517495,35038.18351248251,43.85931883908292
311,Dark Case Chronicles,Michael Reed,2023,North America,36131,18.36,45-54,Female,Master,663365.16,432535.5929613337,230829.56703866634,34.79675764682401
312,Serial Killer Mind,John Carter,2011,Asia,43961,29.62,55+,Male,High School,1302124.82,907366.5907420012,394758.2292579989,30.31646607104831
313,Unsolved Crimes,David Hunter,2021,Asia,27023,27.69,35-44,Male,Master,748266.87,498986.09720378194,249280.77279621805,33.3144206686871
314,Justice Denied,Sarah Walker,2015,Asia,31848,29.72,25-34,Female,Master,946522.5599999999,484089.6673126252,462432.8926873747,48.855982121268696
315,Cold Case Secrets,Emily Stone,2020,North America,1677,22.93,45-54,Female,Bachelor,38453.61,17632.90114145528,20820.70885854472,54.14500448344049
316,Justice Denied,John Carter,2010,North America,5260,21.0,35-44,Male,Bachelor,110460.0,60401.48990457953,50058.51009542047,45.318223877802346
317,Dark Case Chronicles,John Carter,2012,Asia,33279,13.69,55+,Female,Bachelor,455589.51,283601.02369130135,171988.48630869866,37.75075644491873
318,Deadly Evidence,Emily Stone,2014,Australia,22136,18.2,18-24,Male,High School,402875.2,220683.23886806465,182191.96113193536,45.222927877401084
319,Deadly Evidence,Sarah Walker,2013,Australia,16853,20.85,55+,Female,High School,351385.05000000005,191488.779544355,159896.27045564505,45.50457410058995
320,Serial Killer Mind,John Carter,2012,Europe,12056,12.22,25-34,Female,Bachelor,147324.32,95977.24603675697,51347.073963243034,34.853087367545996
321,Cold Case Secrets,John Carter,2019,Asia,28098,15.52,45-54,Male,Bachelor,436080.95999999996,221712.7760769739,214368.18392302605,49.15788662798442
322,Crime Scene Diaries,David Hunter,2022,Europe,12063,24.96,45-54,Male,High School,301092.48,198100.30527894956,102992.17472105043,34.20615975565063
323,Serial Killer Mind,Sarah Walker,2014,Australia,47319,28.39,25-34,Male,PhD,1343386.41,701303.37633639,642083.0336636099,47.7958559714483
324,Justice Denied,John Carter,2020,Europe,44290,34.96,35-44,Female,High School,1548378.4000000001,771820.0752991776,776558.3247008226,50.15300682964982
325,Serial Killer Mind,Sarah Walker,2017,Asia,8734,33.33,35-44,Female,High School,291104.22,156089.20169629727,135015.0183037027,46.38030266400903
326,Justice Denied,Emily Stone,2020,Asia,26019,26.06,45-54,Male,High School,678055.14,426316.37979205867,251738.76020794135,37.12659123975394
327,Silent Witness Files,Michael Reed,2013,Asia,27466,20.53,45-54,Female,Bachelor,563876.98,246865.68488374748,317011.2951162525,56.21993916408017
328,Deadly Evidence,John Carter,2010,North America,16673,25.9,18-24,Male,PhD,431830.69999999995,198178.2342450393,233652.46575496066,54.10742352383948
329,Silent Witness Files,David Hunter,2020,Europe,27487,29.64,35-44,Male,High School,814714.68,558432.6920033286,256281.98799667147,31.456655230107238
330,Unsolved Crimes,Emily Stone,2016,Australia,13678,12.96,25-34,Female,Bachelor,177266.88,80239.40797560474,97027.47202439526,54.735251178559274
331,Cold Case Secrets,Sarah Walker,2017,Australia,39838,20.25,35-44,Female,Master,806719.5,460086.8094173044,346632.6905826956,42.96818046206836
332,Crime Scene Diaries,Emily Stone,2012,Australia,25096,31.0,18-24,Female,Master,777976.0,446398.2254547363,331577.7745452637,42.620566000141864
333,Justice Denied,John Carter,2015,North America,33674,19.6,45-54,Female,High School,660010.4,360951.3311142701,299059.06888572994,45.311266138492655
334,Crime Scene Diaries,Sarah Walker,2011,North America,42474,24.3,45-54,Male,Master,1032118.2000000001,612483.2716258975,419634.9283741026,40.657642542695456
335,Justice Denied,Michael Reed,2016,Asia,4931,24.69,18-24,Female,PhD,121746.39,57092.728257413975,64653.661742586024,53.10519822607145
336,Dark Case Chronicles,Emily Stone,2024,Australia,28264,14.61,25-34,Male,Master,412937.04,233639.23229262533,179297.80770737465,43.420131966697554
337,Serial Killer Mind,John Carter,2017,North America,22127,19.06,45-54,Female,Master,421740.62,215784.4218245734,205956.1981754266,48.834802342593086
338,Unsolved Crimes,David Hunter,2015,Asia,39810,18.36,55+,Male,PhD,730911.6,437450.7226209557,293460.87737904425,40.14998221112434
339,Deadly Evidence,Sarah Walker,2015,Australia,9406,10.65,45-54,Female,High School,100173.90000000001,44313.63393345226,55860.266066547745,55.76329369880552
340,Justice Denied,Emily Stone,2014,Europe,37414,10.6,55+,Male,High School,396588.39999999997,226556.36840215028,170032.03159784968,42.87367749481571
341,Crime Scene Diaries,Emily Stone,2017,Asia,45314,30.79,18-24,Male,PhD,1395218.06,635634.9877440295,759583.0722559706,54.44188933850028
342,Unsolved Crimes,Michael Reed,2010,North America,45879,16.83,18-24,Female,PhD,772143.57,373403.16285281384,398740.4071471861,51.64070810654891
343,Murder Investigation Files,Michael Reed,2019,North America,13576,22.95,45-54,Male,PhD,311569.2,145070.65125569358,166498.54874430643,53.438705990292505
344,Murder Investigation Files,David Hunter,2013,Asia,49792,17.47,35-44,Female,Master,869866.24,395659.81963133067,474206.4203686693,54.51486660393549
345,Silent Witness Files,David Hunter,2024,Asia,38150,33.52,55+,Male,PhD,1278788.0000000002,828287.9768973087,450500.0231026915,35.22867145318
346,Deadly Evidence,John Carter,2013,North America,47381,16.48,25-34,Male,Bachelor,780838.88,379263.0251419561,401575.8548580439,51.4287729701733
347,Dark Case Chronicles,John Carter,2012,Europe,46913,20.74,45-54,Male,Master,972975.6199999999,659810.8989428921,313164.7210571078,32.18628654406652
348,Crime Scene Diaries,David Hunter,2012,Australia,6512,31.82,25-34,Male,High School,207211.84,143178.81399447506,64033.02600552494,30.902204239644288
349,Serial Killer Mind,David Hunter,2013,Europe,7651,31.05,45-54,Female,High School,237563.55000000002,135738.61956387752,101824.9304361225,42.86218590188709
350,Serial Killer Mind,Sarah Walker,2020,Asia,28711,14.65,35-44,Male,High School,420616.15,186291.03449840067,234325.11550159936,55.709966320028215
351,Crime Scene Diaries,Michael Reed,2010,Europe,27617,30.07,35-44,Female,Master,830443.1900000001,425489.58741231076,404953.6025876893,48.763552698612564
352,Cold Case Secrets,John Carter,2023,North America,36878,21.45,35-44,Female,Bachelor,791033.1,505723.0275739062,285310.0724260938,36.06803209955359
353,Dark Case Chronicles,Michael Reed,2020,Asia,43152,22.07,35-44,Female,PhD,952364.64,485912.837722477,466451.80227752303,48.978278139087884
354,Unsolved Crimes,Michael Reed,2022,Australia,7394,13.34,18-24,Female,PhD,98635.95999999999,42029.29205914754,56606.66794085245,57.38948345091634
355,Justice Denied,David Hunter,2020,North America,13967,12.02,18-24,Female,High School,167883.34,95195.809152468,72687.53084753199,43.29645267215436
356,Cold Case Secrets,Sarah Walker,2011,North America,31510,28.2,55+,Female,High School,888582.0,580720.5529392149,307861.44706078514,34.64637445511896
357,Justice Denied,Emily Stone,2018,Australia,49757,22.41,25-34,Male,Master,1115054.37,712272.1068548022,402782.2631451979,36.12220838569494
358,Justice Denied,Sarah Walker,2019,Australia,43141,20.92,45-54,Male,Bachelor,902509.7200000001,408418.9888493698,494090.7311506303,54.7463057960894
359,Cold Case Secrets,Sarah Walker,2011,Europe,12789,28.24,45-54,Female,PhD,361161.36,217357.51893032462,143803.84106967537,39.817061567626
360,Silent Witness Files,Michael Reed,2014,Asia,45476,29.14,18-24,Female,Master,1325170.6400000001,617729.9887699236,707440.6512300766,53.38487209693059
361,Murder Investigation Files,Sarah Walker,2018,Australia,44096,13.97,45-54,Female,PhD,616021.12,286734.5829481804,329286.5370518196,53.45377396343483
362,Justice Denied,John Carter,2018,Australia,23671,25.26,18-24,Female,High School,597929.4600000001,395961.7630240836,201967.6969759165,33.77784680084444
363,Cold Case Secrets,Michael Reed,2017,Asia,35405,13.38,55+,Female,PhD,473718.9,224969.43049687616,248749.46950312387,52.5099314177931
364,Cold Case Secrets,John Carter,2010,Australia,21329,28.78,25-34,Female,Bachelor,613848.62,294017.6541136229,319830.9658863771,52.10257960445966
365,The Hidden Truth,Emily Stone,2010,Australia,34554,26.42,55+,Female,Bachelor,912916.68,365345.6193973645,547571.0606026356,59.980398277161015
366,Silent Witness Files,Michael Reed,2018,Europe,48978,33.92,35-44,Male,High School,1661333.76,1098475.0620537943,562858.6979462057,33.879928976234474
367,Deadly Evidence,Emily Stone,2022,North America,44639,11.72,35-44,Female,Bachelor,523169.08,333665.96177181846,189503.11822818156,36.22215560372596
368,The Hidden Truth,Michael Reed,2020,North America,49213,11.43,35-44,Male,Bachelor,562504.59,330864.45762849547,231640.1323715045,41.18013194727967
369,The Hidden Truth,David Hunter,2017,North America,30234,17.05,55+,Male,Master,515489.7,322222.1620719314,193267.5379280686,37.49202708183473
370,Crime Scene Diaries,Sarah Walker,2019,North America,7552,16.54,45-54,Female,PhD,124910.07999999999,55661.751616263595,69248.3283837364,55.43854297726525
371,Murder Investigation Files,David Hunter,2018,Australia,4154,16.17,25-34,Male,High School,67170.18000000001,36103.77550400834,31066.404495991665,46.250292162372745
372,Cold Case Secrets,Emily Stone,2016,Asia,23986,32.66,35-44,Male,High School,783382.7599999999,395894.8679080391,387487.8920919608,49.46341837953657
373,Murder Investigation Files,Sarah Walker,2012,Asia,19243,16.24,35-44,Male,High School,312506.31999999995,133794.25513688906,178712.0648631109,57.186704212289506
374,Dark Case Chronicles,Michael Reed,2012,Europe,48868,16.8,35-44,Female,High School,820982.4,448124.33173947386,372858.06826052617,45.41608544355228
375,Crime Scene Diaries,Sarah Walker,2011,Europe,24989,28.98,25-34,Female,High School,724181.22,489707.1969862509,234474.02301374904,32.377810489720936
376,Deadly Evidence,John Carter,2014,Australia,9136,21.24,35-44,Female,Bachelor,194048.63999999998,79951.48127141561,114097.15872858437,58.79822642847916
377,Murder Investigation Files,Sarah Walker,2021,Asia,6941,29.42,25-34,Female,Master,204204.22,99536.95255014629,104667.26744985371,51.256172595186186
378,Serial Killer Mind,John Carter,2021,Asia,25111,11.63,35-44,Female,High School,292040.93,134999.5064067753,157041.4235932247,53.773771913828895
379,Justice Denied,Sarah Walker,2012,North America,42935,22.19,55+,Male,Master,952727.65,449157.73051068484,503569.9194893152,52.85560039002911
380,Dark Case Chronicles,John Carter,2023,Australia,12649,10.84,55+,Female,Master,137115.16,92214.10867914064,44901.05132085936,32.74696344361875
381,Silent Witness Files,Emily Stone,2015,Australia,35066,11.57,25-34,Female,Bachelor,405713.62,219256.04512101103,186457.57487898896,45.9579283729713
382,Deadly Evidence,David Hunter,2011,North America,42868,32.66,55+,Female,High School,1400068.88,755882.9410457928,644185.9389542071,46.011017611805435
383,Dark Case Chronicles,Michael Reed,2021,Australia,22175,13.48,25-34,Male,Bachelor,298919.0,187772.75314012717,111146.24685987283,37.18273072634153
384,Justice Denied,Sarah Walker,2012,Australia,5995,23.31,55+,Female,High School,139743.44999999998,62374.16207572564,77369.28792427434,55.36523387985221
385,Crime Scene Diaries,David Hunter,2014,Europe,43168,20.28,55+,Female,Bachelor,875447.04,478151.31958243245,397295.7204175676,45.38203937699847
386,Justice Denied,Michael Reed,2021,Asia,14173,18.68,25-34,Male,Master,264751.64,140052.44318429052,124699.1968157095,47.100443576368214
387,The Hidden Truth,Michael Reed,2020,Australia,11630,32.5,45-54,Female,High School,377975.0,218875.19547781168,159099.80452218832,42.092679283600326
388,Justice Denied,John Carter,2020,Europe,23168,10.55,55+,Male,PhD,244422.40000000002,171063.24783008802,73359.152169912,30.01326890248684
389,The Hidden Truth,Emily Stone,2010,Asia,15722,26.59,35-44,Male,Master,418047.98,263719.1587652701,154328.8212347299,36.9165331775386
390,Crime Scene Diaries,Emily Stone,2022,North America,24169,34.08,45-54,Female,PhD,823679.5199999999,427785.957385757,395893.5626142429,48.064028909477194
391,Unsolved Crimes,David Hunter,2010,Europe,34568,24.0,25-34,Male,Master,829632.0,537822.1481592666,291809.85184073343,35.173408431778604
392,The Hidden Truth,Emily Stone,2019,Europe,23753,33.42,45-54,Female,Bachelor,793825.26,358183.8872672112,435641.3727327888,54.87874910062559
393,Silent Witness Files,Sarah Walker,2018,Asia,9935,11.31,18-24,Female,High School,112364.85,45972.854262766006,66391.995737234,59.086089410731205
394,Justice Denied,Emily Stone,2016,North America,29052,20.47,18-24,Male,Master,594694.44,274353.06911146565,320341.3708885343,53.86654882607181
395,Justice Denied,David Hunter,2010,Europe,37884,16.5,55+,Female,Bachelor,625086.0,313870.3493895714,311215.6506104286,49.78765331657222
396,Silent Witness Files,Emily Stone,2024,Australia,16893,28.27,55+,Male,High School,477565.11,264176.71068001736,213388.39931998262,44.68257727621321
397,Serial Killer Mind,Sarah Walker,2021,Australia,11117,34.53,35-44,Male,High School,383870.01,224386.89279925253,159483.11720074748,41.54612578376401
398,Cold Case Secrets,John Carter,2023,Australia,39020,16.41,45-54,Male,Master,640318.2,431050.50412693416,209267.6958730658,32.68182848356736
399,Unsolved Crimes,David Hunter,2017,North America,10352,26.35,18-24,Male,High School,272775.2,150832.7388277784,121942.4611722216,44.70437971348627
400,Deadly Evidence,John Carter,2012,Europe,31901,14.95,55+,Male,Master,476919.94999999995,262488.4866113362,214431.46338866377,44.96173066122812
401,The Hidden Truth,John Carter,2017,Australia,6795,24.13,45-54,Female,High School,163963.35,68056.74366139772,95906.60633860229,58.49270970531054
402,Silent Witness Files,John Carter,2024,North America,36493,21.6,55+,Female,PhD,788248.8,323555.2168462216,464693.58315377845,58.95265342031328
403,Crime Scene Diaries,Michael Reed,2014,Australia,34584,34.3,55+,Male,Bachelor,1186231.2,670633.4229048037,515597.7770951963,43.46520114250884
404,The Hidden Truth,Michael Reed,2010,Asia,45605,25.21,18-24,Female,PhD,1149702.05,611013.2749753337,538688.7750246663,46.85464160254966
405,Cold Case Secrets,John Carter,2016,Europe,40075,18.74,18-24,Female,Master,751005.4999999999,489470.9276367129,261534.57236328698,34.82458815059105
406,Crime Scene Diaries,David Hunter,2014,Europe,36951,12.85,55+,Female,PhD,474820.35,212816.3209952199,262004.02900478008,55.17961245864464
407,Dark Case Chronicles,Sarah Walker,2015,North America,7727,13.78,25-34,Female,Master,106478.06,43388.90424115968,63089.155758840316,59.25085013648851
408,Justice Denied,Sarah Walker,2015,North America,32410,15.63,55+,Male,High School,506568.30000000005,270867.9615913376,235700.33840866247,46.528836962096214
409,Dark Case Chronicles,Emily Stone,2017,Europe,36541,16.27,55+,Male,High School,594522.07,280164.7009422894,314357.3690577106,52.875643297432276
410,The Hidden Truth,David Hunter,2018,Australia,23884,31.27,35-44,Female,Master,746852.6799999999,309857.4603083894,436995.21969161055,58.51156879983487
411,Cold Case Secrets,Michael Reed,2011,Australia,645,24.03,35-44,Female,PhD,15499.35,9568.980737175538,5930.369262824463,38.262051394571145
412,Unsolved Crimes,John Carter,2018,Asia,38278,23.08,35-44,Male,High School,883456.24,382958.755645765,500497.484354235,56.652210001282576
413,The Hidden Truth,Emily Stone,2021,Australia,16535,12.87,25-34,Male,Bachelor,212805.44999999998,123958.29148287865,88847.15851712134,41.750414999766846
414,Silent Witness Files,Sarah Walker,2024,North America,3540,31.5,25-34,Female,High School,111510.0,54005.95729233294,57504.04270766706,51.568507494993334
415,Murder Investigation Files,Michael Reed,2020,North America,42922,28.07,55+,Female,Bachelor,1204820.54,544637.6975229814,660182.8424770186,54.795118489349335
416,The Hidden Truth,Michael Reed,2019,Australia,26660,11.69,35-44,Female,PhD,311655.39999999997,160167.6438328087,151487.75616719126,48.60745431242047
417,Justice Denied,John Carter,2018,North America,18133,27.7,25-34,Female,Bachelor,502284.1,321679.68112268427,180604.4188773157,35.956626713311394
418,Justice Denied,Sarah Walker,2022,Europe,29844,23.59,18-24,Male,Bachelor,704019.96,364420.4952985842,339599.46470141574,48.23719269286283
419,The Hidden Truth,David Hunter,2019,Europe,17514,12.04,55+,Female,Bachelor,210868.56,131841.53844625215,79027.02155374785,37.47691052366832
420,Crime Scene Diaries,Michael Reed,2024,Australia,15496,21.46,45-54,Female,Bachelor,332544.16000000003,145536.5845481753,187007.57545182473,56.23541109602548
421,Murder Investigation Files,John Carter,2019,Europe,49604,22.12,55+,Male,High School,1097240.48,693271.0170330778,403969.4629669222,36.81685741004763
422,Silent Witness Files,David Hunter,2016,Europe,42121,14.14,45-54,Female,Bachelor,595590.9400000001,280570.9785095429,315019.9614904572,52.89200025280054
423,The Hidden Truth,Sarah Walker,2010,Asia,12195,33.64,35-44,Female,High School,410239.8,247464.0066380955,162775.79336190448,39.67820610333382
424,Crime Scene Diaries,Michael Reed,2016,Asia,3352,31.25,45-54,Male,Bachelor,104750.0,59679.685360878306,45070.314639121694,43.026553354770115
425,Justice Denied,David Hunter,2019,Europe,16514,26.73,35-44,Female,Master,441419.22000000003,299610.38890161103,141808.831098389,32.125658483649396
426,Justice Denied,David Hunter,2014,Australia,27542,21.56,18-24,Female,PhD,593805.52,306520.48275821225,287285.03724178777,48.380324460740574
427,Cold Case Secrets,David Hunter,2015,Asia,34255,20.29,45-54,Female,Bachelor,695033.95,291809.6957644291,403224.25423557084,58.01504433496678
428,The Hidden Truth,Michael Reed,2019,North America,40890,26.27,55+,Male,Master,1074180.3,435845.0535648272,638335.2464351729,59.425335433462415
429,Murder Investigation Files,Michael Reed,2016,North America,24211,23.64,35-44,Male,Bachelor,572348.04,370914.47901899274,201433.5609810073,35.19424317081741
430,Serial Killer Mind,Emily Stone,2023,North America,26622,11.56,55+,Female,Bachelor,307750.32,171546.39612171295,136203.92387828705,44.25793087015703
431,Murder Investigation Files,Sarah Walker,2024,Australia,9660,22.81,25-34,Male,Bachelor,220344.59999999998,139384.09215118532,80960.50784881465,36.74267844495153
432,Justice Denied,John Carter,2014,Europe,27713,30.16,35-44,Female,Master,835824.08,393111.2004374217,442712.8795625783,52.96723199965455
433,Justice Denied,David Hunter,2016,North America,39920,21.48,45-54,Female,PhD,857481.6,431763.5286710041,425718.07132899587,49.64748763460299
434,Dark Case Chronicles,Emily Stone,2018,Australia,7921,11.3,35-44,Male,Master,89507.3,36611.27489635406,52896.025103645945,59.09688383366043
435,Justice Denied,John Carter,2012,Asia,21900,29.66,55+,Female,PhD,649554.0,447183.9556189239,202370.04438107612,31.155230262776634
436,Silent Witness Files,Emily Stone,2017,Europe,34037,15.03,18-24,Female,Bachelor,511576.11,307130.0237111535,204446.0862888465,39.96396279897561
437,Deadly Evidence,Michael Reed,2011,Asia,18227,16.47,35-44,Male,High School,300198.69,204123.5594540036,96075.13054599639,32.00384736722082
438,The Hidden Truth,David Hunter,2020,Australia,47382,14.12,45-54,Female,Bachelor,669033.84,320901.360290543,348132.47970945697,52.035107777127834
439,Murder Investigation Files,John Carter,2016,North America,4858,18.26,25-34,Female,PhD,88707.08,51755.17744342508,36951.902556574925,41.65609166323018
440,Deadly Evidence,John Carter,2022,North America,28982,28.92,18-24,Female,Master,838159.4400000001,505871.12203925254,332288.3179607475,39.645000951220865
441,Crime Scene Diaries,John Carter,2011,Australia,32617,22.98,25-34,Female,Bachelor,749538.66,371220.19704434235,378318.4629556577,50.47350899227235
442,Serial Killer Mind,John Carter,2024,North America,23664,15.12,35-44,Female,Master,357799.68,234155.83586809115,123643.84413190885,34.55672294953111
443,Silent Witness Files,John Carter,2023,Europe,32410,31.95,55+,Female,Master,1035499.5,708435.3663757425,327064.1336242575,31.585156112992575
444,Murder Investigation Files,Emily Stone,2013,Australia,32996,31.99,55+,Female,Master,1055542.04,702417.348811184,353124.691188816,33.45434646911988
445,Deadly Evidence,David Hunter,2016,Asia,44811,31.76,45-54,Female,Bachelor,1423197.36,884830.3947060296,538366.9652939705,37.82799072181883
446,Serial Killer Mind,Michael Reed,2012,Australia,29871,15.97,55+,Female,Master,477039.87,230524.4624236751,246515.40757632488,51.67605960825138
447,Dark Case Chronicles,Michael Reed,2011,Europe,38967,21.28,18-24,Male,Master,829217.76,401743.4110844693,427474.3489155307,51.55151873683105
448,Silent Witness Files,Michael Reed,2020,Europe,18125,34.62,55+,Female,Bachelor,627487.5,432343.96772276494,195143.53227723506,31.09919038661887
449,Silent Witness Files,Michael Reed,2019,Australia,34393,29.3,45-54,Male,Master,1007714.9,406195.1119380159,601519.7880619841,59.69146512192924
450,Dark Case Chronicles,Emily Stone,2016,Australia,11293,10.68,35-44,Male,Bachelor,120609.23999999999,74152.36892242661,46456.87107757338,38.51850080273566
451,The Hidden Truth,Sarah Walker,2010,North America,31507,11.63,35-44,Male,PhD,366426.41000000003,224206.73777642034,142219.6722235797,38.81261512334214
452,Dark Case Chronicles,David Hunter,2023,Europe,26266,21.6,55+,Female,PhD,567345.6000000001,332922.2913671662,234423.30863283388,41.31931377150609
453,Silent Witness Files,John Carter,2024,Australia,40032,32.73,25-34,Female,PhD,1310247.3599999999,913285.1945093885,396962.16549061134,30.296734617394026
454,Silent Witness Files,Sarah Walker,2017,Australia,12823,23.47,35-44,Female,Master,300955.81,148540.90246378447,152414.90753621553,50.64361692708824
455,Deadly Evidence,Michael Reed,2012,Europe,46299,22.45,55+,Female,High School,1039412.5499999999,521776.3265620778,517636.22343792213,49.80084408620256
456,Justice Denied,Sarah Walker,2021,Australia,47320,12.64,45-54,Female,High School,598124.8,253414.6043798584,344710.19562014163,57.631817911603335
457,Serial Killer Mind,David Hunter,2021,North America,45908,26.42,55+,Female,Master,1212889.36,646275.2885325179,566614.0714674823,46.71605590368789
458,Dark Case Chronicles,John Carter,2022,Europe,8343,30.55,35-44,Female,High School,254878.65,121912.1687853683,132966.4812146317,52.16854421295456
459,Serial Killer Mind,John Carter,2011,North America,14710,19.51,45-54,Male,Bachelor,286992.10000000003,144361.62123101103,142630.478768989,49.69839893467067
460,Dark Case Chronicles,David Hunter,2012,North America,16956,29.39,55+,Male,High School,498336.84,324104.09661273967,174232.74338726036,34.96284629233118
461,Crime Scene Diaries,David Hunter,2014,North America,31867,34.11,18-24,Female,Master,1086983.3699999999,739850.1807290782,347133.18927092163,31.935464594175134
462,Silent Witness Files,Michael Reed,2020,North America,10606,15.09,45-54,Female,Master,160044.54,72935.48522155706,87109.05477844295,54.428007839844426
463,Justice Denied,John Carter,2017,Europe,38457,23.08,18-24,Male,Bachelor,887587.5599999999,454225.3120907243,433362.24790927564,48.824732053396026
464,Deadly Evidence,Sarah Walker,2019,North America,2972,17.18,25-34,Male,PhD,51058.96,34648.057217748225,16410.902782251775,32.14108313653818
465,Justice Denied,Emily Stone,2016,North America,7204,29.82,45-54,Female,Master,214823.28,89912.68087710296,124910.59912289704,58.14574617932332
466,Justice Denied,Emily Stone,2016,Australia,4213,24.44,18-24,Male,Bachelor,102965.72,44039.278482970505,58926.441517029496,57.22918415665864
467,Justice Denied,David Hunter,2021,Europe,5551,25.86,35-44,Female,High School,143548.86,64430.08227564796,79118.77772435202,55.11627032381311
468,Serial Killer Mind,Michael Reed,2016,Europe,11256,29.95,35-44,Female,High School,337117.2,195043.82521347495,142073.37478652506,42.14361497619375
469,Dark Case Chronicles,Emily Stone,2024,Asia,2975,19.9,25-34,Female,Bachelor,59202.49999999999,26353.500387269767,32848.99961273023,55.48583186982008
470,Unsolved Crimes,John Carter,2017,Europe,36878,32.88,45-54,Male,Bachelor,1212548.6400000001,837171.3659232624,375377.2740767377,30.957708556478003
471,Crime Scene Diaries,David Hunter,2010,Europe,4755,23.33,45-54,Female,Master,110934.15,59240.42891222273,51693.72108777727,46.598564182244395
472,Murder Investigation Files,Sarah Walker,2013,Asia,14984,13.95,45-54,Female,High School,209026.8,115059.92831835664,93966.87168164334,44.95446118949501
473,Justice Denied,David Hunter,2022,Europe,35003,27.4,25-34,Female,Bachelor,959082.2,454602.6463686812,504479.55363131873,52.6002415258378
474,The Hidden Truth,Sarah Walker,2015,Europe,8758,29.83,45-54,Female,High School,261251.13999999998,141412.12685297854,119839.01314702144,45.871192426958004
475,Serial Killer Mind,David Hunter,2018,Europe,41247,17.92,35-44,Male,Bachelor,739146.2400000001,442433.7878305166,296712.4521694835,40.142591020889654
476,Deadly Evidence,David Hunter,2022,Europe,35696,31.43,18-24,Female,High School,1121925.28,701599.4979120288,420325.7820879712,37.46468589137872
477,Murder Investigation Files,David Hunter,2011,Asia,45613,32.65,35-44,Female,PhD,1489264.45,932518.4606708598,556745.9893291402,37.383957518702616
478,Unsolved Crimes,Sarah Walker,2010,Europe,40694,16.92,35-44,Female,Master,688542.4800000001,394787.76597130415,293754.71402869595,42.66326661917736
479,The Hidden Truth,Sarah Walker,2022,Europe,9033,34.59,18-24,Male,High School,312451.47000000003,209751.15033171,102700.31966829003,32.86920675018428
480,Unsolved Crimes,David Hunter,2019,Asia,33081,13.52,35-44,Female,PhD,447255.12,288579.0014507507,158676.1185492493,35.47776458081672
481,Murder Investigation Files,Emily Stone,2021,Australia,5749,15.05,25-34,Female,High School,86522.45,54259.47729548182,32262.97270451818,37.28855655904124
482,Justice Denied,Michael Reed,2023,North America,19701,14.61,18-24,Male,High School,287831.61,119934.15204905307,167897.45795094693,58.33183434958619
483,The Hidden Truth,Michael Reed,2011,Australia,10186,32.35,35-44,Male,PhD,329517.10000000003,132486.76184935853,197030.3381506415,59.793661133410524
484,Unsolved Crimes,Michael Reed,2016,Asia,47377,26.36,55+,Female,High School,1248857.72,579138.0146655639,669719.705334436,53.62658168413581
485,Deadly Evidence,Sarah Walker,2012,North America,32507,13.8,35-44,Male,High School,448596.60000000003,268734.96847480664,179861.6315251934,40.09429218259643
486,Dark Case Chronicles,Sarah Walker,2019,Asia,1161,21.01,25-34,Male,Master,24392.61,12766.097993787384,11626.512006212617,47.66407533352363
487,Silent Witness Files,Emily Stone,2011,Asia,45343,25.38,45-54,Male,PhD,1150805.3399999999,599249.5176153217,551555.8223846782,47.92781222102065
488,Dark Case Chronicles,Michael Reed,2023,Europe,30637,12.09,35-44,Female,PhD,370401.33,246456.17997024307,123945.15002975694,33.462393353111594
489,Murder Investigation Files,Michael Reed,2020,North America,48056,32.06,45-54,Female,Bachelor,1540675.36,1030201.6280344438,510473.7319655563,33.13311455604484
490,Serial Killer Mind,David Hunter,2016,Europe,43328,30.09,55+,Female,High School,1303739.52,877094.1247059285,426645.3952940715,32.72474207839243
491,Silent Witness Files,Sarah Walker,2022,North America,49104,22.63,35-44,Male,Master,1111223.52,549126.0183107575,562097.5016892425,50.58365770454918
492,Crime Scene Diaries,Michael Reed,2022,Asia,11026,34.18,18-24,Female,High School,376868.68,228878.6595860118,147990.02041398818,39.26832561782215
493,Deadly Evidence,Emily Stone,2011,Asia,3874,20.44,45-54,Female,High School,79184.56000000001,38126.570182183365,41057.98981781665,51.85100456176891
494,Crime Scene Diaries,Emily Stone,2012,Australia,26092,34.6,55+,Female,Bachelor,902783.2000000001,412737.0865163253,490046.11348367477,54.28170500776651
495,The Hidden Truth,Michael Reed,2020,North America,29482,26.7,18-24,Female,High School,787169.4,358468.8662011963,428700.53379880375,54.46102627957893
496,Silent Witness Files,Sarah Walker,2016,Europe,707,25.87,18-24,Male,Master,18290.09,9193.189752584303,9096.900247415697,49.73677137409218
497,Crime Scene Diaries,Emily Stone,2023,Australia,35933,14.15,18-24,Female,Master,508451.95,268964.6170583227,239487.3329416773,47.10127140660534
498,Crime Scene Diaries,David Hunter,2013,Australia,23697,32.05,18-24,Male,Bachelor,759488.85,493124.5290999201,266364.32090007985,35.07152486834795
499,Unsolved Crimes,Emily Stone,2022,Australia,33900,20.69,35-44,Female,High School,701391.0,305783.5601825757,395607.4398174243,56.40326719581863
500,Dark Case Chronicles,John Carter,2023,Europe,3583,14.06,35-44,Male,Master,50376.98,31257.79541470869,19119.184585291314,37.952224578153185
